Date,Corn,Wheat,Cotton,Oil
7/19/22,596.75,812.25,1.002,104.22
7/18/22,612.25,812.75,1.0042,102.6
7/15/22,604.25,776.75,0.9641,97.59
7/14/22,695,795,0.9141,95.78
7/13/22,740,810.75,0.9541,96.3
7/12/22,732.75,814.25,0.9844,95.84
7/11/22,781.25,856.5,0.8479,104.09
7/8/22,778.25,891.5,1.0261,104.79
7/7/22,747,836.5,0.9982,102.73
7/6/22,744.25,804.5,0.9639,98.53
7/5/22,736,807,1.0138,99.5
7/1/22,754.5,846,1.0538,108.43
6/30/22,743.75,884,1.0564,105.76
6/29/22,770.25,930,1.0498,109.78
6/28/22,759.5,936,1.0139,111.76
6/27/22,744.25,917.5,1.0315,109.57
6/24/22,750.25,936.5,1.0715,107.62
6/23/22,746.75,949.25,1.3632,104.27
6/22/22,768,988.75,1.4332,106.19
6/21/22,760.75,987.25,1.4351,110.65
6/17/22,784.5,1046.75,1.4345,109.56
6/16/22,788.25,1090.5,1.4353,117.59
6/15/22,774,1063.5,1.4318,115.31
6/14/22,768.25,1065.25,1.4348,118.93
6/13/22,769.25,1086,1.4566,120.93
6/10/22,773.25,1070.75,1.4506,120.67
6/9/22,773,1071.25,1.4651,121.51
6/8/22,764.5,1074.75,1.4062,122.11
6/7/22,757,1071.75,1.3695,119.41
6/6/22,742.5,1093,1.3774,118.5
6/3/22,727,1040,1.3818,118.87
6/2/22,730.25,1058.25,1.3911,116.87
6/1/22,731.25,1041.25,1.3606,115.26
5/31/22,753.5,1087.5,1.3898,114.67
5/27/22,777.25,1157.5,1.3942,115.07
5/26/22,765,1143.25,1.4061,114.09
5/25/22,772.25,1148.25,1.4516,110.33
5/24/22,771.75,1154.75,1.4154,109.77
5/23/22,786.25,1190,1.4275,110.29
5/20/22,778.75,1168.75,1.4227,113.23
5/19/22,783.25,1200.5,1.477,112.21
5/18/22,781.5,1230.75,1.4447,109.59
5/17/22,800.75,1277.5,1.4846,112.4
5/16/22,809.5,1247.5,1.5065,114.2
5/13/22,794.5,1177.5,1.452,110.49
5/12/22,813.5,1178.75,1.4553,106.13
5/11/22,802.25,1113,1.436,105.71
5/10/22,786.5,1095.5,1.4294,99.76
5/9/22,784.5,1092.75,1.4293,103.09
5/6/22,792.25,1108.5,1.4361,109.77
5/5/22,803.75,1106.5,1.4876,108.26
5/4/22,798.5,1076.5,1.5476,107.81
5/3/22,800.75,1045.5,1.5008,102.41
5/2/22,813,1055.5,1.5081,105.17
4/29/22,818.25,1055.75,1.4563,104.69
4/28/22,816,1085.75,1.4768,105.36
4/27/22,815.5,1091.25,1.4068,102.02
4/26/22,803.25,1095,1.3568,101.7
4/25/22,800.25,1072.5,1.3541,98.54
4/22/22,793,1075.25,1.3946,102.07
4/21/22,799.25,1076.5,1.3859,103.79
4/20/22,815.75,1097.5,1.4039,102.75
4/19/22,804,1109,1.3968,102.56
4/18/22,813.25,1128.75,1.4474,108.21
4/14/22,790.25,1104.5,1.4198,106.95
4/13/22,783.5,1121.25,1.4277,104.25
4/12/22,776.25,1112.5,1.3851,100.6
4/11/22,764.5,1089,1.3529,94.29
4/8/22,768.75,1058.25,1.3241,98.26
4/7/22,757.75,1020,1.332,96.03
4/6/22,756.5,1038.25,1.3569,96.23
4/5/22,759.75,1045.25,1.3753,101.96
4/4/22,750.5,1010.25,1.3794,103.28
4/1/22,735,984.5,1.3455,99.27
3/31/22,748.75,1006,1.3569,100.28
3/30/22,738,1027.25,1.3984,107.82
3/29/22,726.25,1014.25,1.3681,104.24
3/28/22,748.5,1057,1.3907,105.96
3/25/22,754,1102.25,1.359,113.9
3/24/22,748.25,1085.75,1.309,112.34
3/23/22,757.75,1105.75,1.3003,114.93
3/22/22,753,1118.25,1.3004,111.76
3/21/22,756.25,1119.25,1.3001,112.12
3/18/22,741.75,1063.75,1.2686,104.7
3/17/22,754.5,1098,1.2186,102.98
3/16/22,730,1069.25,1.198,95.04
3/15/22,758,1154.25,1.186,96.44
3/14/22,728.25,1096.25,1.1877,103.01
3/11/22,764.5,1106.5,1.2103,109.33
3/10/22,757.75,1087,1.1686,106.02
3/9/22,735,1201.5,1.1747,108.7
3/8/22,754.5,1286.5,1.1797,123.7
3/7/22,749.25,1294,1.1694,119.4
3/4/22,756.5,1209,1.1642,115.68
3/3/22,751.25,1134,1.198,107.67
3/2/22,739,1059,1.1854,110.6
3/1/22,739.75,984,1.2275,103.41
2/28/22,697.5,934,1.1912,95.72
2/25/22,659.5,859.75,1.1863,91.59
2/24/22,695,934.75,1.1916,92.81
2/23/22,683.75,884.75,1.213,92.1
2/22/22,674.75,852.5,1.2029,92.35
2/18/22,654.25,804,1.2299,91.07
2/17/22,650,804.75,1.2193,91.76
2/16/22,647,786.25,1.2191,93.66
2/15/22,638,785.75,1.2304,92.07
2/14/22,655.75,805.5,1.2293,95.46
2/11/22,651,804,1.2528,93.1
2/10/22,641.75,771.5,1.2566,89.88
2/9/22,646.75,785,1.2643,89.66
2/8/22,632.25,778.75,1.2715,89.36
2/7/22,635.25,768.75,1.2557,91.32
2/4/22,620.5,763.25,1.2674,92.31
2/3/22,616.75,751.75,1.2762,90.27
2/2/22,622.5,755,1.2633,88.26
2/1/22,634.75,769,1.2733,88.2
1/31/22,626,761.25,1.2757,88.15
1/28/22,636,786.25,1.2376,86.82
1/27/22,625.25,777,1.2163,86.61
1/26/22,627,795,1.2233,87.35
1/25/22,620,818,1.2092,85.6
1/24/22,621,800.5,1.2038,83.31
1/21/22,616.25,780,1.2075,85.14
1/20/22,611,790.25,1.2287,86.9
1/19/22,610.5,796.5,1.2395,86.96
1/18/22,599.5,769,1.2108,85.43
1/14/22,596.25,741.5,1.197,83.82
1/13/22,587.5,746.75,1.1684,82.12
1/12/22,599,757.75,1.1764,82.64
1/11/22,601,770.25,1.1602,81.22
1/10/22,599.75,762,1.1522,78.23
1/7/22,606.75,758.5,1.1512,78.9
1/6/22,603.75,746,1.1472,79.46
1/5/22,602.25,760.75,1.1628,77.85
1/4/22,609.5,770,1.1639,76.99
1/3/22,589.25,758,1.1323,76.08
12/31/21,593.25,770.75,1.126,75.21
12/30/21,596,779.75,1.1434,76.99
12/29/21,605.5,787.75,1.1299,76.56
12/28/21,604.75,783.5,1.1005,75.98
12/27/21,614.75,804,1.1228,75.57
12/23/21,605.75,814.75,1.0912,73.79
12/22/21,602.5,814,1.0883,72.76
12/21/21,598.25,799,1.0727,71.12
12/20/21,591,777.75,1.0554,68.23
12/17/21,593.25,775,1.073,70.86
12/16/21,591.25,770.5,1.0968,72.38
12/15/21,585.75,756,1.0579,70.87
12/14/21,588.75,787,1.059,70.73
12/13/21,584.25,788.75,1.0681,71.29
12/10/21,588.5,785.25,1.0623,71.67
12/9/21,588.5,776.75,1.0659,70.94
12/8/21,584.75,794.5,1.0672,72.36
12/7/21,586.25,808.5,1.0637,72.05
12/6/21,583.5,806.25,1.0701,69.49
12/3/21,586,803.75,1.042,66.26
12/2/21,577,815,1.037,66.5
12/1/21,572,790.5,1.0419,65.57
11/30/21,567,787.25,1.0641,66.18
11/29/21,581,822.25,1.1141,69.95
11/26/21,586.75,840.25,1.1178,68.15
11/24/21,579.75,850.25,1.1578,78.39
11/23/21,580.5,867.5,1.1566,78.5
11/22/21,576.75,857.5,1.1771,76.75
11/19/21,570.75,834.25,1.1922,76.1
11/18/21,573,830.75,1.1759,79.01
11/17/21,575.25,833,1.197,78.36
11/16/21,571,820,1.1798,80.76
11/15/21,576.5,836.75,1.1762,80.88
11/12/21,577.25,828.5,1.1769,80.79
11/11/21,569.5,824.25,1.1854,81.59
11/10/21,569.25,803,1.1868,81.34
11/9/21,554.75,778.5,1.1938,84.15
11/8/21,551.5,768,1.1655,81.93
11/5/21,553,766.5,1.1687,81.27
11/4/21,559.25,773.75,1.1646,78.81
11/3/21,564,781,1.1882,80.86
11/2/21,573,791.5,1.1725,83.91
11/1/21,579,797.25,1.1984,84.05
10/29/21,568.25,772.75,1.1485,83.57
10/28/21,562.75,772.5,1.1373,82.81
10/27/21,557.25,759.75,1.1052,82.66
10/26/21,543.5,752.25,1.0871,84.65
10/25/21,538,759.5,1.0854,83.71
10/22/21,538,756,1.0826,83.76
10/21/21,532.25,741.25,1.0614,82.5
10/20/21,539.25,749.25,1.1073,83.87
10/19/21,530.25,736,1.0783,82.96
10/18/21,532.75,736.25,1.0704,82.44
10/15/21,525.75,734,1.0733,82.28
10/14/21,516.75,724.75,1.071,81.31
10/13/21,512.25,718.75,1.0386,80.44
10/12/21,522.5,734,1.0638,80.64
10/11/21,533,731.75,1.0979,80.52
10/8/21,530.5,734,1.106,79.35
10/7/21,534,741.25,1.1161,78.3
10/6/21,532.25,746,1.1106,77.43
10/5/21,537.5,744.75,1.0893,78.93
10/4/21,540.75,756.5,1.0493,77.62
10/1/21,541.5,755.25,1.0453,75.88
9/30/21,536.75,725.5,1.058,75.03
9/29/21,539,710.25,1.0194,74.83
9/28/21,532.5,706.5,1.0003,75.29
9/27/21,539.5,722.25,0.9805,75.45
9/24/21,526.75,723.75,0.9599,73.98
9/23/21,529.25,717.75,0.9331,73.3
9/22/21,525.5,705.75,0.9183,72.23
9/21/21,517,690.25,0.9118,70.56
9/20/21,521.75,700.75,0.8989,70.29
9/17/21,527.25,708.75,0.9332,71.97
9/16/21,529.5,713,0.9341,72.57
9/15/21,533.5,712.25,0.9467,72.61
9/14/21,503,700.75,0.9496,70.46
9/13/21,496.75,687,0.9441,70.45
9/10/21,502.75,688.5,0.9523,69.72
9/9/21,496,692.25,0.9456,68.14
9/8/21,498.25,709.5,0.952,69.3
9/7/21,495.75,719.75,0.9541,68.35
9/3/21,508,726.25,0.9562,69.29
9/2/21,516.25,717,0.9514,69.99
9/1/21,515.5,714.25,0.9415,68.59
8/31/21,534,722.25,0.9391,68.5
8/30/21,540.25,723.5,0.9561,69.21
8/27/21,558,732.5,0.9627,68.74
8/26/21,552.75,739.25,0.9536,67.42
8/25/21,551.25,725.5,0.9595,68.36
8/24/21,544.5,732.25,0.9576,67.54
8/23/21,538,733.5,0.9454,65.64
8/20/21,538.75,728.25,0.939,62.32
8/19/21,550,742.75,0.9347,63.69
8/18/21,561.75,751.25,0.9552,65.46
8/17/21,558.25,748.5,0.957,66.59
8/16/21,564.75,775,0.9485,67.29
8/13/21,568.25,774.25,0.9521,68.44
8/12/21,567,764.75,0.9377,69.09
8/11/21,556.25,739.25,0.9164,69.25
8/10/21,549.25,739.5,0.9274,68.29
8/9/21,550.25,711.25,0.913,66.48
8/6/21,555,719,0.9242,68.28
8/5/21,555.75,712.75,0.9117,69.09
8/4/21,545.75,717.25,0.9072,68.15
8/3/21,550.5,724.5,0.903,70.56
8/2/21,558.75,729.5,0.9007,71.26
7/30/21,547,703.75,0.8983,73.95
7/29/21,558,705.25,0.9076,73.62
7/28/21,549.25,688.75,0.9091,72.39
7/27/21,548.75,674.5,0.9074,71.65
7/26/21,549.75,677,0.9029,71.91
7/23/21,547.25,684,0.9032,72.07
7/22/21,564.5,692.25,0.9027,71.91
7/21/21,571.25,710.75,0.8909,70.3
7/20/21,571.75,700.5,0.8887,67.42
7/19/21,556,697.75,0.8711,66.42
7/16/21,556,692.5,0.907,71.81
7/15/21,564.25,672,0.8984,71.65
7/14/21,683,654.25,0.9057,73.13
7/13/21,677,633.75,0.8877,75.25
7/12/21,669.25,640.75,0.8847,74.1
7/9/21,629.75,615,0.8799,74.56
7/8/21,638,618,0.8733,72.94
7/7/21,652.5,622.25,0.8808,72.2
7/6/21,656,626,0.8786,73.37
7/2/21,697.25,652.75,0.8751,75.16
7/1/21,719.75,665.5,0.8649,75.23
6/30/21,720,679.5,0.8551,73.47
6/29/21,694.5,646.25,0.8814,72.98
6/28/21,675.25,651.5,0.8827,72.91
6/25/21,636.5,640.75,0.8804,74.05
6/24/21,653.25,652,0.8753,73.3
6/23/21,664.25,663.75,0.8646,73.08
6/22/21,659.75,655,0.8422,73.06
6/21/21,659.25,665,0.8409,73.66
6/18/21,655.25,665.75,0.8442,71.64
6/17/21,633,643,0.8417,71.04
6/16/21,673,665.75,0.8533,72.15
6/15/21,667.5,666,0.8528,72.12
6/14/21,659.25,679,0.8495,70.88
6/11/21,684.5,685.75,0.87,70.91
6/10/21,699,683.75,0.8736,70.29
6/9/21,690.75,682.25,0.8662,69.96
6/8/21,680,685,0.8514,70.05
6/7/21,679.25,680,0.858,69.23
6/4/21,682.75,687.75,0.858,69.62
6/3/21,662,676.25,0.8421,68.81
6/2/21,675,687.5,0.8377,68.83
6/1/21,688.75,693.5,0.8425,67.72
5/28/21,656.75,663.5,0.8212,66.32
5/27/21,664.5,676.25,0.8261,66.85
5/26/21,624.5,648.5,0.8244,66.21
5/25/21,620.25,656.5,0.8271,66.07
5/24/21,657.25,662.25,0.8282,66.05
5/21/21,659.5,674.25,0.8282,63.58
5/20/21,664.5,675.25,0.8292,62.05
5/19/21,661,679.25,0.8292,63.36
5/18/21,658.25,698,0.8401,65.49
5/17/21,652.5,699.75,0.8232,66.27
5/14/21,685,707.25,0.8243,65.37
5/13/21,719,701.5,0.8498,63.82
5/12/21,757.5,729.75,0.8823,66.08
5/11/21,759.5,741.75,0.8775,65.28
5/10/21,748,730.5,0.8847,64.92
5/7/21,772.75,761.75,0.8966,64.9
5/6/21,759.5,753.25,0.9058,64.71
5/5/21,753.25,744.5,0.8733,65.63
5/4/21,744.75,726.75,0.8717,65.69
5/3/21,732.25,718,0.8786,64.49
4/30/21,740,734.75,0.8808,63.58
4/29/21,702,729,0.8654,65.01
4/28/21,686.25,722.75,0.8952,63.86
4/27/21,695.5,732.75,0.9142,62.94
4/26/21,680.5,739.5,0.8922,61.91
4/23/21,655.5,712.25,0.8751,62.14
4/22/21,650.5,710.5,0.8464,61.43
4/21/21,625.5,675,0.8483,61.35
4/20/21,606.5,661.25,0.8377,62.67
4/19/21,592,653.75,0.8326,63.38
4/16/21,585.5,655,0.8371,63.13
4/15/21,590,655.5,0.8502,63.46
4/14/21,594,650.25,0.842,63.15
4/13/21,580,633.5,0.8182,60.18
4/12/21,569,631.25,0.8014,59.7
4/9/21,577.25,638.75,0.824,59.32
4/8/21,579.75,628.75,0.8141,59.6
4/7/21,560.5,616.25,0.795,59.77
4/6/21,554.25,615.5,0.7922,59.33
4/5/21,553.25,618,0.7788,58.65
4/1/21,559.75,611,0.7795,61.45
3/31/21,564.25,618,0.8088,59.16
3/30/21,539.25,601.75,0.8064,60.55
3/29/21,546.75,616.75,0.8049,61.56
3/26/21,552.5,613.25,0.8038,60.97
3/25/21,546.5,612.5,0.7844,58.56
3/24/21,553.25,624.75,0.8244,61.18
3/23/21,551.25,634.75,0.8353,57.76
3/22/21,549,627.25,0.8462,61.55
3/19/21,557.75,627,0.8468,61.42
3/18/21,546.5,630.5,0.8545,60
3/17/21,558,640,0.8651,64.6
3/16/21,554.25,647,0.8692,64.8
3/15/21,549.5,645,0.8672,65.39
3/12/21,549.25,638.5,0.8756,65.61
3/11/21,555,642.5,0.8835,66.02
3/10/21,547.75,652.5,0.8522,64.44
3/9/21,562,656.5,0.8432,64.01
3/8/21,565,646.5,0.8832,65.05
3/5/21,562,653,0.8776,66.09
3/4/21,546.25,651,0.8714,63.83
3/3/21,550.25,656,0.8845,61.28
3/2/21,560.75,666.25,0.9099,59.75
3/1/21,547.5,650.25,0.9157,60.64
2/26/21,555.5,660.25,0.8883,61.5
2/25/21,554.75,675.75,0.8969,63.53
2/24/21,559.25,685.5,0.9369,63.22
2/23/21,553.75,670.25,0.9267,61.67
2/22/21,551,669.75,0.9241,61.49
2/19/21,542.75,655.5,0.8895,59.24
2/18/21,550.25,665.25,0.8873,60.52
2/17/21,553,648,0.8836,61.14
2/16/21,552.25,661.5,0.8812,60.05
2/12/21,538.75,641.25,0.8727,59.47
2/11/21,541,639,0.8641,58.24
2/10/21,534.5,635.5,0.8467,58.68
2/9/21,556.25,649.5,0.8693,58.36
2/8/21,563.75,655.75,0.8428,57.97
2/5/21,548.5,641.25,0.8274,56.85
2/4/21,550,637.5,0.8428,56.23
2/3/21,552,648.25,0.8099,55.69
2/2/21,543,644.75,0.8069,54.76
2/1/21,549.25,651,0.8003,53.55
1/29/21,547,663,0.8064,52.2
1/28/21,534.5,647,0.7993,52.34
1/27/21,534,658.25,0.8084,52.85
1/26/21,532.25,665.25,0.8171,52.61
1/25/21,511.5,648.5,0.8233,52.77
1/22/21,500.5,634.5,0.8156,52.27
1/21/21,524.25,660.75,0.8257,53.13
1/20/21,522,667.75,0.8159,53.24
1/19/21,526,672.25,0.8115,52.98
1/15/21,531.5,675.5,0.807,52.36
1/14/21,534.25,670,0.8115,53.57
1/13/21,524.5,660.5,0.8092,52.91
1/12/21,517.25,665,0.817,53.21
1/11/21,492.25,634.75,0.7812,52.25
1/8/21,496.25,638.75,0.7812,52.24
1/7/21,494,642.25,0.7812,50.83
1/6/21,495,647.5,0.7812,50.63
1/5/21,491.75,654,0.7812,49.93
1/4/21,483.75,642,0.7812,47.62
12/31/20,484,640.5,0.7812,48.52
12/30/20,474.5,640.75,0.8043,48.4
12/29/20,466,618.5,0.762,48
12/28/20,456.5,614.25,0.762,47.62
12/24/20,451,627,0.762,48.23
12/23/20,447.25,629.75,0.7701,48.12
12/22/20,443.5,617,0.7482,47.02
12/21/20,440,611.25,0.7476,47.74
12/18/20,437.5,608.25,0.7716,49.1
12/17/20,432.5,608.75,0.7719,48.36
12/16/20,427.25,598.5,0.7565,47.82
12/15/20,424.75,599.75,0.7559,47.62
12/14/20,419.25,596.5,0.7467,46.99
12/11/20,424.25,614.5,0.7408,46.57
12/10/20,420.25,596.5,0.7426,46.78
12/9/20,422,583.25,0.7305,45.52
12/8/20,417,570,0.7198,45.6
12/7/20,419.5,577.5,0.7238,45.76
12/4/20,417,575.5,0.7157,46.26
12/3/20,422.5,584.5,0.7111,45.64
12/2/20,419,588.5,0.716,45.28
12/1/20,414.75,577.25,0.7219,44.55
11/30/20,419.75,585,0.7215,45.34
11/27/20,425.5,606,0.7324,45.53
11/25/20,420,596.5,0.7236,45.71
11/24/20,425.75,617.5,0.7298,44.91
11/23/20,426.5,604.5,0.738,43.06
11/20/20,423.25,599.5,0.7088,42.15
11/19/20,422.5,598.75,0.6932,41.74
11/18/20,425.75,606.5,0.6968,41.82
11/17/20,420.25,603,0.6911,41.43
11/16/20,416.25,604.75,0.6957,41.34
11/13/20,410.5,602,0.6846,40.13
11/12/20,408.25,597.25,0.6848,41.12
11/11/20,417.25,598,0.6928,41.45
11/10/20,423,608.5,0.6985,41.36
11/9/20,407.5,597.5,0.7,40.29
11/6/20,406.75,602,0.6862,37.14
11/5/20,409.25,609.25,0.7007,38.79
11/4/20,405.25,606,0.7023,39.15
11/3/20,401,608,0.7024,37.66
11/2/20,397.5,607.5,0.6873,36.81
10/30/20,397.5,598.5,0.7167,35.79
10/29/20,398.5,603.75,0.7167,36.17
10/28/20,401.5,608.75,0.6892,37.39
10/27/20,416,615.75,0.7203,39.57
10/26/20,417.75,620,0.7211,38.56
10/23/20,419.25,632.75,0.7194,39.85
10/22/20,416.25,622.75,0.7194,40.64
10/21/20,413.75,629.75,0.7129,40.03
10/20/20,408.75,632,0.6992,41.46
10/19/20,405.25,627,0.6992,40.83
10/16/20,402,625.25,0.6992,40.88
10/15/20,403.75,618.25,0.6922,40.96
10/14/20,396.5,596.75,0.6893,41.04
10/13/20,391.25,594,0.6883,40.2
10/12/20,389,594.25,0.6837,39.43
10/9/20,395,593.75,0.6764,40.6
10/8/20,387,595.25,0.7102,41.19
10/7/20,388.75,607.5,0.6759,39.95
10/6/20,385,592.75,0.6603,40.67
10/5/20,379.5,584.25,0.6603,39.22
10/2/20,379.75,573.25,0.6591,37.05
10/1/20,382.75,570.25,0.6591,38.72
9/30/20,379,578,0.6529,40.22
9/29/20,364.75,549.5,0.6529,39.29
9/28/20,366.75,550.25,0.6569,40.6
9/25/20,365.25,544.25,0.642,40.25
9/24/20,363.5,549.75,0.642,40.31
9/23/20,368.5,549,0.642,39.93
9/22/20,369.25,558,0.642,39.6
9/21/20,369.75,554.75,0.642,39.31
9/18/20,378.5,575,0.642,41.11
9/17/20,375.25,556.25,0.642,40.97
9/16/20,371.75,542,0.642,40.16
9/15/20,366,538.25,0.642,38.28
9/14/20,357.5,545.75,0.642,37.26
9/11/20,365,542,0.642,37.33
9/10/20,357.25,548.25,0.642,37.3
9/9/20,350,543.75,0.642,38.05
9/8/20,351,544.25,0.6595,36.76
9/4/20,347.25,550.25,0.6412,39.77
9/3/20,344.5,553.25,0.6356,41.37
9/2/20,349.75,558.25,0.6418,41.51
9/1/20,349.5,564,0.654,42.76
8/31/20,348.5,552.25,0.6496,42.61
8/28/20,346,548.75,0.6508,42.97
8/27/20,344.25,550.75,0.6537,43.04
8/26/20,340.5,539.75,0.6498,43.39
8/25/20,340.75,535.5,0.6498,43.35
8/24/20,331.75,527.75,0.6516,42.62
8/21/20,327,535,0.6373,42.34
8/20/20,324.5,528.5,0.6392,42.58
8/19/20,325,522,0.6321,42.93
8/18/20,327,517.5,0.6239,42.55
8/17/20,331,526.25,0.6262,42.89
8/14/20,324.5,509.5,0.6229,42.01
8/13/20,325.25,506.5,0.6243,42.24
8/12/20,314.5,500,0.6184,42.67
8/11/20,311.5,495,0.6303,41.61
8/10/20,310.5,491,0.6234,41.94
8/7/20,307.75,495.5,0.6188,41.22
8/6/20,311.25,501.25,0.6441,41.95
8/5/20,311,510.75,0.6436,42.19
8/4/20,308.25,508.25,0.6393,41.7
8/3/20,317.5,521,0.6353,41.01
7/31/20,316,531.25,0.6103,40.27
7/30/20,315.75,529.5,0.6103,39.92
7/29/20,315.5,532.75,0.6103,41.27
7/28/20,320,523.5,0.6069,41.04
7/27/20,325,527.75,0.6069,41.6
7/24/20,326.25,539.5,0.5996,41.29
7/23/20,328,529.5,0.6168,41.07
7/22/20,327.5,534.5,0.6274,41.9
7/21/20,322.75,527.75,0.6291,41.96
7/20/20,328.25,522,0.6299,40.81
7/17/20,333,534.75,0.6201,40.59
7/16/20,330.25,535.25,0.6288,40.75
7/15/20,326.25,550.75,0.6259,41.2
7/14/20,334.75,526.75,0.6269,40.29
7/13/20,334,524.75,0.6375,40.1
7/10/20,340.5,534,0.6471,40.55
7/9/20,351.25,525,0.6434,39.62
7/8/20,348.25,516.5,0.6457,40.9
7/7/20,345,495.25,0.6374,40.62
7/6/20,346.5,493.25,0.6357,40.63
7/2/20,342.5,492,0.6355,40.65
7/1/20,348.25,498.75,0.6308,39.82
6/30/20,338.5,491.75,0.6148,39.27
6/29/20,326.25,486.5,0.6013,39.7
6/26/20,317,475.75,0.6026,38.49
6/25/20,317.25,488.25,0.6039,38.72
6/24/20,324.25,485.75,0.5991,38.01
6/23/20,325,491,0.6304,40.37
6/22/20,328.25,489.5,0.6252,40.46
6/19/20,332.5,485.25,0.6156,39.75
6/18/20,331,488.75,0.6117,38.84
6/17/20,330.25,494,0.6134,37.96
6/16/20,329,501.25,0.6007,38.38
6/15/20,329.25,509.75,0.5901,37.12
6/12/20,330,507.75,0.5984,36.26
6/11/20,329.75,499.25,0.6002,36.34
6/10/20,326.25,506.25,0.6051,39.6
6/9/20,327.5,504.5,0.6052,38.94
6/8/20,333.75,511.5,0.6081,38.19
6/5/20,331.25,515.25,0.6179,39.55
6/4/20,329,523.75,0.6,37.41
6/3/20,324,512,0.6048,37.29
6/2/20,324.25,508,0.6037,36.81
6/1/20,323.25,515.25,0.6006,35.44
5/29/20,325.75,520.75,0.5759,35.49
5/28/20,327.5,514.5,0.5757,33.71
5/27/20,320.5,528.5,0.5834,32.81
5/26/20,319,506.75,0.5823,34.35
5/22/20,318,508.75,0.5761,33.25
5/21/20,317.75,516,0.5806,33.92
5/20/20,319.5,513.75,0.5821,33.49
5/19/20,321.25,498.75,0.592,32.5
5/18/20,320.75,497,0.578,31.82
5/15/20,319.25,500.25,0.5825,29.43
5/14/20,321.25,502.25,0.5785,27.56
5/13/20,320.25,501.75,0.5746,25.29
5/12/20,323.75,514.5,0.5834,25.78
5/11/20,318.5,517.25,0.5663,24.14
5/8/20,319,522,0.5627,24.74
5/7/20,316,522.5,0.5539,23.55
5/6/20,311.75,517.5,0.5451,23.99
5/5/20,313,520.75,0.5358,24.56
5/4/20,310.75,519.5,0.5433,20.39
5/1/20,310.75,516.5,0.5584,19.78
4/30/20,311.5,524.25,0.5733,18.84
4/29/20,304.5,516.5,0.5712,15.06
4/28/20,302.75,526,0.5578,12.34
4/27/20,305.5,524.75,0.5501,12.78
4/24/20,315.75,530.5,0.5563,16.94
4/23/20,319.25,544.75,0.5688,16.5
4/22/20,317.5,543.75,0.5628,13.78
4/21/20,309.25,548.75,0.5331,9.06
4/20/20,314.25,547.5,0.5403,-37.63
4/17/20,322.25,533.75,0.5277,18.27
4/16/20,319.75,530.5,0.5279,19.75
4/15/20,319.25,540.5,0.5275,19.87
4/14/20,326,549.75,0.5251,20.11
4/13/20,331.5,555.5,0.5276,22.41
4/9/20,331.75,557.5,0.5437,22.76
4/8/20,330,548.25,0.5384,25.09
4/7/20,331.5,549.25,0.529,23.63
4/6/20,327.75,555.75,0.5305,26.08
4/3/20,330.75,549.25,0.5098,28.34
4/2/20,333.5,541.75,0.4999,25.32
4/1/20,334.75,550.25,0.4841,20.31
3/31/20,340.75,568.75,0.5113,20.48
3/30/20,341.25,569.5,0.507,20.09
3/27/20,346,571.25,0.5133,21.51
3/26/20,348.75,569,0.5278,22.6
3/25/20,348.5,580,0.5344,24.49
3/24/20,347.25,561.5,0.5289,24.01
3/23/20,343.5,562.5,0.5215,23.36
3/20/20,343.75,539.25,0.5368,22.43
3/19/20,345.5,535,0.5493,25.22
3/18/20,335.25,508.25,0.5664,20.37
3/17/20,344,499.25,0.5792,26.95
3/16/20,354.75,498,0.588,28.7
3/13/20,370.75,506,0.6049,31.73
3/12/20,369.75,505.5,0.597,31.5
3/11/20,379.25,512.75,0.6155,32.98
3/10/20,380,522.25,0.6141,34.36
3/9/20,374.25,518.75,0.6121,31.13
3/6/20,377.25,515.75,0.6279,41.28
3/5/20,384.5,518.75,0.6335,45.9
3/4/20,387,518.25,0.6298,46.78
3/3/20,381.75,527.25,0.6277,47.18
3/2/20,374.75,523.25,0.6338,46.75
2/28/20,366.5,525,0.6149,44.76
2/27/20,364.5,527.5,0.625,47.09
2/26/20,370.5,535.75,0.6547,48.73
2/25/20,372.5,537,0.663,49.9
2/24/20,372.25,534.75,0.6756,51.43
2/21/20,377,552,0.6893,53.38
2/20/20,378.5,559.25,0.6875,53.78
2/19/20,380.5,562.5,0.6848,53.29
2/18/20,383,565,0.6787,52.12
2/14/20,377.75,541.5,0.6741,52.05
2/13/20,379.5,544.75,0.6775,51.42
2/12/20,383,547.5,0.6858,51.17
2/11/20,379.75,542,0.6823,49.94
2/10/20,381.75,552,0.6819,49.57
2/7/20,383.5,558.75,0.6775,50.32
2/6/20,379.25,556.25,0.6791,50.95
2/5/20,380.75,562,0.6751,50.75
2/4/20,382.25,557.25,0.6735,49.61
2/3/20,378.75,555.5,0.6684,50.11
1/31/20,381.25,553.75,0.675,51.56
1/30/20,379.5,560.5,0.6905,52.14
1/29/20,384.25,562.25,0.7006,53.33
1/28/20,386.5,569.75,0.7036,53.48
1/27/20,380.5,572.25,0.6951,53.14
1/24/20,387.25,573.5,0.694,54.19
1/23/20,393.75,580.5,0.7003,55.59
1/22/20,388.75,577.75,0.7113,56.74
1/21/20,387.5,581.5,0.6924,58.34
1/17/20,389.25,570.5,0.7125,58.54
1/16/20,375.5,565.25,0.7022,58.52
1/15/20,387.5,573.25,0.7032,57.81
1/14/20,389,568.5,0.7138,58.23
1/13/20,389.5,562.25,0.7153,58.08
1/10/20,385.75,564.5,0.7131,59.04
1/9/20,383.25,562.25,0.7069,59.56
1/8/20,384.25,552.75,0.6996,59.61
1/7/20,384.5,550.25,0.6983,62.7
1/6/20,384.75,550,0.7004,63.27
1/3/20,386.5,554.5,0.692,63.05
1/2/20,391.5,560.25,0.6927,61.18
12/31/19,387.75,558.75,0.6905,61.06
12/30/19,388.25,556,0.6956,61.68
12/27/19,390,556.25,0.6892,61.72
12/26/19,388.5,549,0.687,61.68
12/24/19,387.5,541,0.687,61.11
12/23/19,388.75,539.5,0.6861,60.52
12/20/19,387.75,542.25,0.6796,60.44
12/19/19,386.5,545.25,0.6758,61.18
12/18/19,387,548.25,0.6674,60.93
12/17/19,390,556.25,0.6644,60.94
12/16/19,388,549.75,0.6697,60.21
12/13/19,366.25,532.5,0.668,60.07
12/12/19,367,530.25,0.6717,59.18
12/11/19,357.75,519.25,0.6588,58.76
12/10/19,363.25,523.75,0.6593,59.24
12/9/19,365.75,522.75,0.6538,59.02
12/6/19,366.5,524.5,0.66,59.2
12/5/19,365.5,523.75,0.6451,58.33
12/4/19,368.75,527.5,0.647,58.43
12/3/19,372,525.25,0.6405,56.1
12/2/19,373.5,535.25,0.648,55.96
11/29/19,371.25,541.75,0.6536,55.17
11/27/19,362.75,526.75,0.6581,58.11
11/26/19,367.5,531,0.6595,58.41
11/25/19,370.5,533,0.658,58.01
11/22/19,368.75,518.75,0.6485,57.77
11/21/19,368.5,512,0.6184,58.58
11/20/19,366.75,518.75,0.6224,57.11
11/19/19,370,515.25,0.6344,55.21
11/18/19,367.75,510.75,0.6421,57.05
11/15/19,371.25,506,0.6486,57.72
11/14/19,375.75,511,0.6427,56.77
11/13/19,375.25,509,0.6422,57.12
11/12/19,377.75,517,0.6474,56.8
11/11/19,373.25,505.75,0.6429,56.86
11/8/19,377.25,510.25,0.6472,57.24
11/7/19,375.25,512.5,0.6435,57.15
11/6/19,378.75,516.75,0.6369,56.35
11/5/19,381.75,515.25,0.6381,57.23
11/4/19,383.25,509.75,0.6366,56.54
11/1/19,389.25,516,0.6423,56.2
10/31/19,390,508.75,0.6444,54.18
10/30/19,390.75,509.25,0.657,55.06
10/29/19,386.25,511.5,0.6472,55.54
10/28/19,384,511.75,0.6479,55.81
10/25/19,387.75,517.75,0.649,56.66
10/24/19,386.75,516,0.6465,56.23
10/23/19,387.75,520.75,0.6495,55.97
10/22/19,388,518,0.6467,54.16
10/21/19,387.25,523.5,0.6456,53.31
10/18/19,391,532.25,0.6516,53.78
10/17/19,394.75,525.5,0.6499,53.93
10/16/19,391.75,513.25,0.6454,53.36
10/15/19,393.25,507,0.6353,52.81
10/14/19,397.25,511,0.6222,53.59
10/11/19,397.75,508,0.6388,54.7
10/10/19,380.25,493,0.6142,53.55
10/9/19,394.25,501.25,0.6209,52.59
10/8/19,395.75,500.25,0.6132,52.63
10/7/19,387,489.25,0.6183,52.75
10/4/19,384.75,490.5,0.6167,52.81
10/3/19,388.75,488.75,0.616,52.45
10/2/19,387.75,489,0.6133,52.64
10/1/19,392.5,498.75,0.6098,53.62
9/30/19,388,495.75,0.6083,54.07
9/27/19,371.5,487.25,0.609,55.91
9/26/19,372.5,484.25,0.6028,56.41
9/25/19,374.25,477.25,0.6045,56.49
9/24/19,374.75,481.75,0.604,57.29
9/23/19,373.25,483,0.5983,58.64
9/20/19,370.75,484.25,0.5913,58.09
9/19/19,372.75,488,0.6033,58.13
9/18/19,371.25,489.5,0.5936,58.11
9/17/19,368,484.25,0.6138,59.34
9/16/19,374,488.75,0.6159,62.9
9/13/19,355.5,483.5,0.6163,54.85
9/12/19,354.5,483.75,0.6221,55.09
9/11/19,348.25,477.5,0.5937,55.75
9/10/19,348.5,482.25,0.5934,57.4
9/9/19,340.75,474.5,0.5912,57.85
9/6/19,342.5,463.75,0.5873,56.52
9/5/19,346.5,466.25,0.5916,56.3
9/4/19,346,460.75,0.5821,56.26
9/3/19,349.75,453.5,0.5786,53.94
8/30/19,357,461.25,0.5883,55.16
8/29/19,359.75,472.75,0.59,56.71
8/28/19,362.75,475.25,0.5873,55.78
8/27/19,357,476.75,0.5792,54.93
8/26/19,358.5,475.25,0.5782,53.64
8/23/19,359.75,477.75,0.5821,54.17
8/22/19,363.25,471.75,0.5887,55.35
8/21/19,362.5,468,0.5994,55.68
8/20/19,359.5,466.5,0.5914,56.34
8/19/19,365,472.5,0.5924,56.21
8/16/19,371,477.5,0.6013,54.87
8/15/19,360.75,474.5,0.5962,54.47
8/14/19,359,478.25,0.5957,55.23
8/13/19,366,475.75,0.5941,57.1
8/12/19,385.25,476.25,0.5814,54.93
8/9/19,410.25,499.5,0.589,54.5
8/8/19,411,498.5,0.5958,52.54
8/7/19,406.5,488.25,0.5858,51.09
8/6/19,404,484,0.5872,53.63
8/5/19,405.25,494.5,0.5848,54.69
8/2/19,399.5,490.75,0.5942,55.66
8/1/19,392.75,475.75,0.6237,53.95
7/31/19,400.25,487.25,0.6384,58.58
7/30/19,411.25,497.25,0.6336,58.05
7/29/19,417,503.5,0.6421,56.87
7/26/19,414.5,496,0.6424,56.2
7/25/19,418.5,499.5,0.6419,56.02
7/24/19,424,497.75,0.6432,55.88
7/23/19,425.5,487.25,0.6373,56.77
7/22/19,422.25,487.25,0.6336,56.22
7/19/19,430.75,502.5,0.6307,55.63
7/18/19,424.5,493.5,0.6171,55.3
7/17/19,436,505.5,0.6189,56.78
7/16/19,435.25,507.5,0.6306,57.62
7/15/19,441,507.75,0.6395,59.58
7/12/19,454.25,523,0.6268,60.21
7/11/19,447.75,521.5,0.6308,60.2
7/10/19,434.25,504.75,0.6382,60.43
7/9/19,431.75,502.75,0.6328,57.83
7/8/19,438.5,511,0.6564,57.66
7/5/19,434,515,0.6682,57.51
7/3/19,433,514,0.6725,57.34
7/2/19,413.5,503.25,0.6729,56.25
7/1/19,412,511.75,0.6597,59.09
6/28/19,420.25,527.25,0.6608,58.47
6/27/19,440,546.75,0.6609,59.43
6/26/19,443.25,546.5,0.6632,59.38
6/25/19,447.5,540,0.6572,57.83
6/24/19,446.75,542.5,0.6569,57.9
6/21/19,442.25,530.75,0.6556,57.43
6/20/19,450,531.75,0.6596,56.65
6/19/19,441,526.75,0.6538,53.76
6/18/19,449.75,535.5,0.6532,53.9
6/17/19,454.75,542.75,0.6563,51.93
6/14/19,453,542,0.6594,52.51
6/13/19,442,535.5,0.6683,52.28
6/12/19,430,526.25,0.6657,51.14
6/11/19,427.75,518,0.6565,53.27
6/10/19,415.75,507.5,0.6599,53.26
6/7/19,415.75,504.5,0.6559,53.99
6/6/19,420.5,510,0.6859,52.59
6/5/19,414.75,490.75,0.6874,51.68
6/4/19,425.25,507.25,0.6897,53.48
6/3/19,424.25,519.75,0.6942,53.25
5/31/19,427,503,0.6808,53.5
5/30/19,436.25,514.5,0.6934,56.59
5/29/19,418.75,490.5,0.6906,58.81
5/28/19,420.25,504.75,0.6947,59.14
5/24/19,404.25,489.5,0.6839,58.63
5/23/19,389.75,470.25,0.6748,57.91
5/22/19,394.5,472.75,0.6675,61.42
5/21/19,394.25,478.75,0.6732,62.99
5/20/19,389,478.25,0.6791,63.1
5/17/19,383.25,465,0.6599,62.76
5/16/19,379,467,0.668,62.87
5/15/19,369.5,448.75,0.6635,62.02
5/14/19,360.5,448.5,0.6676,61.78
5/13/19,347.5,437,0.6545,61.04
5/10/19,342.5,424.75,0.6845,61.66
5/9/19,344.5,429.5,0.7023,61.7
5/8/19,355.25,439,0.7231,62.12
5/7/19,358,439.5,0.7318,61.4
5/6/19,355.75,437.25,0.7355,62.25
5/3/19,363,438,0.7568,61.94
5/2/19,362,444,0.7545,61.81
5/1/19,360,436,0.7671,63.6
4/30/19,353.25,428.75,0.7678,63.91
4/29/19,352,435.25,0.7695,63.5
4/26/19,351.25,442.5,0.777,63.3
4/25/19,347.5,441.5,0.7832,65.21
4/24/19,346.75,438.5,0.7712,65.89
4/23/19,351.25,445,0.7657,66.3
4/22/19,354.75,441.75,0.7719,65.7
4/18/19,358.5,448.25,0.7731,64
4/17/19,358.25,450.25,0.7811,63.76
4/16/19,359,448.5,0.7794,64.05
4/15/19,362.75,463.25,0.7649,63.4
4/12/19,361,468.5,0.7811,63.89
4/11/19,360,465.5,0.7698,63.58
4/10/19,361.75,458,0.7762,64.61
4/9/19,360,459.5,0.7809,63.98
4/8/19,360,465.25,0.7892,64.4
4/5/19,362.5,467.75,0.7825,63.08
4/4/19,365.25,470.75,0.7732,62.1
4/3/19,362.75,471,0.7705,62.46
4/2/19,361.5,464,0.7727,62.58
4/1/19,361.75,462.75,0.7736,61.59
3/29/19,356.5,457.75,0.7761,60.14
3/28/19,374,464.5,0.7587,59.3
3/27/19,373.75,469.5,0.7695,59.41
3/26/19,377.25,469.25,0.7789,59.94
3/25/19,379.75,469.5,0.7773,58.82
3/22/19,378.25,466,0.7658,59.04
3/21/19,376.25,466.5,0.7718,59.98
3/20/19,371.5,464.75,0.755,60.23
3/19/19,371.25,456.5,0.7565,59.03
3/18/19,371.5,456.75,0.7527,59.09
3/15/19,373.25,462.25,0.755,58.52
3/14/19,361.5,452.75,0.743,58.61
3/13/19,357.25,447.25,0.7572,58.26
3/12/19,356.5,453,0.7485,56.87
3/11/19,352.5,428.5,0.732,56.79
3/8/19,354.75,439.5,0.7349,56.07
3/7/19,356,438.25,0.7311,56.66
3/6/19,362.5,450,0.7421,56.22
3/5/19,366,462.75,0.7461,56.56
3/4/19,365,455.5,0.7313,56.59
3/1/19,364,457.25,0.7385,55.8
2/28/19,362,459.5,0.7282,57.22
2/27/19,363.75,466.75,0.7236,56.94
2/26/19,366.25,468.25,0.7202,55.5
2/25/19,370.5,472.75,0.731,55.48
2/22/19,375.25,491.75,0.7301,57.26
2/21/19,375.5,491,0.7219,56.96
2/20/19,370.75,484.25,0.7028,56.92
2/19/19,369.75,492.25,0.7041,56.09
2/15/19,374.75,507,0.7022,55.59
2/14/19,374.75,510.5,0.7013,54.41
2/13/19,378.75,526,0.6986,53.9
2/12/19,378.25,520,0.6978,53.1
2/11/19,372.75,518.25,0.7055,52.41
2/8/19,374.25,517.25,0.7255,52.72
2/7/19,376.5,513.25,0.7281,52.64
2/6/19,380,526,0.7366,54.01
2/5/19,380.75,527.25,0.734,53.66
2/4/19,379.25,525.75,0.7276,54.56
2/1/19,378.25,524.25,0.7364,55.26
1/31/19,376.5,516.5,0.744,53.79
1/30/19,381.25,516.75,0.7436,54.23
1/29/19,377.25,513.25,0.7415,53.31
1/28/19,379.75,518.75,0.7385,51.99
1/25/19,380.25,520,0.7413,53.69
1/24/19,377,521.5,0.7314,53.13
1/23/19,378.75,526,0.7352,52.62
1/22/19,379,521.25,0.7313,52.57
1/18/19,381.75,517.75,0.7389,53.8
1/17/19,380,517.75,0.7437,52.07
1/16/19,374,512.5,0.7327,52.31
1/15/19,371.25,511,0.7236,52.11
1/14/19,378.5,514.25,0.7299,50.51
1/11/19,378.25,519.5,0.7249,51.59
1/10/19,376.25,513.75,0.7285,52.59
1/9/19,382,520,0.7313,52.36
1/8/19,380,517.75,0.7167,49.78
1/7/19,382.25,516.75,0.7275,48.52
1/4/19,383,517,0.7252,47.96
1/3/19,379.75,513.75,0.7083,47.09
1/2/19,375.75,506.75,0.7084,46.54
12/31/18,375,503.25,0.722,45.41
12/28/18,375.5,511.5,0.7219,45.33
12/27/18,374.5,510.5,0.7206,44.61
12/26/18,373.25,510,0.735,46.22
12/24/18,377.75,516.5,0.7255,42.53
12/21/18,378.5,514,0.7318,45.59
12/20/18,375.25,523.5,0.7506,45.88
12/19/18,381.75,522.5,0.7671,47.2
12/18/18,385.5,532.75,0.7785,46.24
12/17/18,384,535.25,0.7854,49.88
12/14/18,376.75,530,0.796,51.2
12/13/18,375.5,536,0.7941,52.58
12/12/18,376.25,526.5,0.7997,51.15
12/11/18,375,521,0.8002,51.65
12/10/18,374.25,525.25,0.7988,51
12/7/18,374,531.25,0.8023,52.61
12/6/18,372,515.5,0.7908,51.49
12/4/18,374.25,518,0.7981,53.25
12/3/18,371.25,521.25,0.7995,52.95
11/30/18,366.5,515.75,0.7891,50.93
11/29/18,360.25,507.75,0.7868,51.45
11/28/18,360.5,511.5,0.7888,50.29
11/27/18,356.5,506.5,0.7788,51.56
11/26/18,356,514,0.7858,51.63
11/23/18,359,507.25,0.7722,50.42
11/21/18,361.75,506.75,0.7651,54.63
11/20/18,361.25,508.5,0.7527,53.43
11/19/18,362.25,506.5,0.7588,56.76
11/16/18,364.75,515.25,0.7612,56.46
11/15/18,367.5,514.75,0.7625,56.46
11/14/18,367,512,0.7639,56.25
11/13/18,366.5,507.75,0.7586,55.69
11/12/18,371.25,519.75,0.7638,59.93
11/9/18,369.75,502,0.7809,60.19
11/8/18,373.5,507.75,0.7901,60.67
11/7/18,372.25,510.25,0.7896,61.67
11/6/18,373.25,512,0.7743,62.21
11/5/18,374,507.25,0.7887,63.1
11/2/18,371.25,508.75,0.7879,63.14
11/1/18,366.75,508,0.7903,63.69
10/31/18,363.25,500.5,0.7686,65.31
10/30/18,364.75,499.75,0.769,66.18
10/29/18,366.75,507.25,0.7717,67.04
10/26/18,367.75,505.25,0.7853,67.59
10/25/18,361,487.25,0.7768,67.33
10/24/18,368.25,499.5,0.7707,66.82
10/23/18,370.25,509,0.7899,66.43
10/22/18,369.5,508,0.8002,69.17
10/19/18,367,514.75,0.7792,69.12
10/18/18,370.75,513,0.7805,68.65
10/17/18,374.25,517.5,0.7792,69.75
10/16/18,375.25,523.5,0.7833,71.92
10/15/18,378.25,525,0.7872,71.78
10/12/18,373.75,517.25,0.7837,71.34
10/11/18,369.25,508,0.7681,70.97
10/10/18,362.75,510.5,0.768,73.17
10/9/18,364.5,515,0.7701,74.96
10/8/18,366.5,514,0.7755,74.29
10/5/18,368.25,521,0.761,74.34
10/4/18,367.5,518,0.76,74.33
10/3/18,364.75,515.25,0.7646,76.41
10/2/18,367.5,519.25,0.7619,75.23
10/1/18,365.75,509.5,0.7631,75.3
9/28/18,356.25,509,0.7637,73.25
9/27/18,364.75,513,0.7772,72.12
9/26/18,363,517.5,0.7855,71.57
9/25/18,363.75,520.75,0.7899,72.28
9/24/18,360.5,527,0.7858,72.08
9/21/18,357.25,521.75,0.7913,70.78
9/20/18,352.5,524,0.7847,70.8
9/19/18,345.75,522.5,0.7872,71.12
9/18/18,343.25,510.5,0.7852,69.85
9/17/18,348,506.25,0.8131,68.91
9/14/18,337,511.5,0.8183,68.99
9/13/18,336.25,497,0.8151,68.59
9/12/18,341.5,506.75,0.8264,70.37
9/11/18,355.25,518.75,0.8289,69.25
9/10/18,355.5,528.25,0.8393,67.54
9/7/18,354.25,511.25,0.8213,67.75
9/6/18,353.5,513.75,0.8138,67.77
9/5/18,351.75,521.75,0.8171,68.72
9/4/18,354.5,531.5,0.8278,69.87
8/31/18,351,545.5,0.8222,69.8
8/30/18,341,535,0.8226,70.25
8/29/18,341.25,541.75,0.8276,69.51
8/28/18,341,523.25,0.8381,68.53
8/27/18,346.75,522.5,0.8352,68.87
8/24/18,348.5,536.5,0.8181,68.72
8/23/18,346.75,541.75,0.8173,67.83
8/22/18,352.5,545.25,0.8252,67.86
8/21/18,359.75,547.75,0.835,67.35
8/20/18,362,562.5,0.831,66.43
8/17/18,364.25,579.75,0.8175,65.91
8/16/18,365.25,562,0.8213,65.46
8/15/18,361.5,551.75,0.8108,65.01
8/14/18,362.25,561.25,0.8341,67.04
8/13/18,356.5,553.5,0.8314,67.2
8/10/18,357.75,569.5,0.8586,67.63
8/9/18,369.25,586.5,0.8726,66.81
8/8/18,371.25,591.25,0.8739,66.94
8/7/18,370.75,590,0.8822,69.17
8/6/18,371,597.25,0.8869,69.01
8/3/18,369.75,579.75,0.8867,68.49
8/2/18,366.75,560.5,0.8944,68.96
8/1/18,365,558.25,0.8906,67.66
7/31/18,372.25,553.75,0.9028,68.76
7/30/18,367.25,546.5,0.8995,70.13
7/27/18,362,530.5,0.8906,68.69
7/26/18,361.5,536.5,0.8903,69.61
7/25/18,359.25,542.75,0.888,69.3
7/24/18,352,510.25,0.8732,68.52
7/23/18,357.25,513.75,0.8747,67.89
7/20/18,355.25,516,0.8774,68.26
7/19/18,351.25,504.25,0.883,69.46
7/18/18,347.25,494.5,0.8883,68.76
7/17/18,346.25,497.75,0.892,68.08
7/16/18,341.75,488.5,0.8888,68.06
7/13/18,330.25,497,0.889,71.01
7/12/18,336.5,484.5,0.8924,70.33
7/11/18,331.25,471.75,0.8524,70.38
7/10/18,339.75,492,0.875,74.11
7/9/18,345.75,508,0.8658,73.85
7/6/18,351.75,515.25,0.8565,73.8
7/5/18,343.5,505.5,0.8271,72.94
7/3/18,342.75,491,0.838,74.14
7/2/18,337.5,480.25,0.8377,73.94
6/29/18,350.25,501.25,0.8517,74.15
6/28/18,345,483.5,0.8457,73.45
6/27/18,352.5,488.5,0.8596,72.76
6/26/18,352.5,483,0.8559,70.53
6/25/18,350.5,490.5,0.8618,68.08
6/22/18,357.25,504.25,0.8543,68.58
6/21/18,357,506.75,0.8321,65.54
6/20/18,354.25,499.25,0.8321,66.22
6/19/18,353.75,489.5,0.8332,65.07
6/18/18,356,501.5,0.8732,65.85
6/15/18,361.25,513.5,0.9072,65.06
6/14/18,363,517.25,0.9341,66.89
6/13/18,376,516.5,0.9381,66.64
6/12/18,377.5,534.5,0.9521,66.36
6/11/18,367.25,514.5,0.9475,66.1
6/8/18,377.75,520,0.9494,65.74
6/7/18,376.25,526.75,0.9372,65.95
6/6/18,378.25,519.75,0.9095,64.73
6/5/18,383.75,510,0.8984,65.52
6/4/18,380.75,505.25,0.921,64.75
6/1/18,391.5,523.25,0.933,65.81
5/31/18,394,526.25,0.9315,67.04
5/30/18,393.5,522,0.9249,68.21
5/29/18,400,536.5,0.9321,66.73
5/25/18,406,543,0.8921,67.88
5/24/18,404.25,530.25,0.8746,70.71
5/23/18,408.5,531,0.8696,71.84
5/22/18,404.75,521.5,0.8842,72.2
5/21/18,402.75,507.25,0.8842,72.24
5/18/18,402.5,518.25,0.8655,71.28
5/17/18,395.25,497.5,0.8503,71.49
5/16/18,399.25,494.25,0.8435,71.49
5/15/18,402.25,493.5,0.8376,71.31
5/14/18,389,491.25,0.837,70.96
5/11/18,389.75,498.75,0.8462,70.7
5/10/18,394.75,506.5,0.8456,71.36
5/9/18,394.75,510.5,0.8586,71.14
5/8/18,395.5,514.5,0.8538,69.06
5/7/18,393.25,511.5,0.8599,70.73
5/4/18,398.75,526.25,0.869,69.72
5/3/18,399.5,538,0.845,68.43
5/2/18,396,526.75,0.8468,67.93
5/1/18,396.75,529.25,0.8448,67.25
4/30/18,392.5,510.5,0.8384,68.57
4/27/18,389.5,498.5,0.8451,68.1
4/26/18,386,489.5,0.8417,68.19
4/25/18,386.5,499,0.8394,68.05
4/24/18,381.25,484.25,0.8151,67.7
4/23/18,378.5,474.5,0.8319,68.64
4/20/18,376.5,477.25,0.8547,68.4
4/19/18,382,490.75,0.8297,68.29
4/18/18,383,489.25,0.8274,68.47
4/17/18,380.25,481.5,0.8313,66.52
4/16/18,382.5,479,0.8325,66.22
4/13/18,386.25,489.25,0.8341,67.39
4/12/18,388.75,498.25,0.8369,67.07
4/11/18,387,504.25,0.8383,66.82
4/10/18,389.25,492,0.8353,65.51
4/9/18,390.75,490.75,0.8291,63.42
4/6/18,388.5,472.25,0.8254,62.06
4/5/18,389.5,464.75,0.8257,63.54
4/4/18,381,455.75,0.7964,63.37
4/3/18,388.5,457.5,0.8202,63.51
4/2/18,387.25,463.5,0.8097,63.01
3/29/18,387.75,468.5,0.8146,64.94
3/28/18,373.5,445.5,0.8074,64.38
3/27/18,374,449,0.8202,65.25
3/26/18,374,454.25,0.8178,65.55
3/23/18,377.25,460.25,0.8183,65.88
3/22/18,376,455.75,0.8215,64.3
3/21/18,375,453.5,0.8259,65.17
3/20/18,374.5,453,0.8308,63.4
3/19/18,375,450.75,0.8123,62.06
3/16/18,382.75,467.75,0.8285,62.34
3/15/18,386.75,478.75,0.8353,61.19
3/14/18,383.5,488.75,0.8344,60.96
3/13/18,385.5,486.5,0.8298,60.71
3/12/18,384.25,490.75,0.8328,61.36
3/9/18,383,489.25,0.8452,62.04
3/8/18,385.75,499.25,0.8512,60.12
3/7/18,379.25,497.25,0.8286,61.15
3/6/18,379.75,507,0.8243,62.6
3/5/18,378.25,509.25,0.8523,62.57
3/2/18,377.25,500,0.8209,61.25
3/1/18,378.75,515.5,0.8181,60.99
2/28/18,374.5,495,0.8293,61.64
2/27/18,370.5,463.25,0.8225,63.01
2/26/18,368.5,472.75,0.8215,63.91
2/23/18,366.25,464.25,0.8134,63.55
2/22/18,366.75,464.25,0.7947,62.77
2/21/18,365.75,459.5,0.7891,61.68
2/20/18,365.5,462.5,0.7751,61.9
2/16/18,367.5,471.5,0.7572,61.68
2/15/18,367.75,475.25,0.7541,61.34
2/14/18,367.25,469.25,0.756,60.6
2/13/18,366.75,473.75,0.7638,59.19
2/12/18,367,464,0.7645,59.29
2/9/18,362,449,0.7668,59.2
2/8/18,365.75,456.25,0.7662,61.15
2/7/18,365.25,460.5,0.7596,61.79
2/6/18,363.5,446.25,0.7619,63.39
2/5/18,358.75,440.25,0.7657,64.15
2/2/18,361.5,446.75,0.773,65.45
2/1/18,361.75,451,0.7835,65.8
1/31/18,361.5,451.75,0.7728,64.73
1/30/18,361.5,457.25,0.7703,64.5
1/29/18,358.75,449.25,0.7836,65.56
1/26/18,356.5,441,0.8048,66.14
1/25/18,355.25,434.5,0.8188,65.51
1/24/18,356.5,433,0.8227,65.61
1/23/18,351.25,421.5,0.8226,64.47
1/22/18,352,425.75,0.8341,63.49
1/19/18,352.5,422.75,0.8342,63.37
1/18/18,351.5,425.25,0.8263,63.95
1/17/18,353,421.5,0.8214,63.97
1/16/18,348.25,416.5,0.8143,63.73
1/12/18,346.25,420.5,0.8168,64.3
1/11/18,348.75,433.25,0.8265,63.8
1/10/18,349,434.25,0.7965,63.57
1/9/18,349,432.25,0.7835,62.96
1/8/18,347.25,427.75,0.7814,61.73
1/5/18,351.25,430.75,0.7801,61.44
1/4/18,351,434,0.7925,62.01
1/3/18,353,436,0.7811,61.63
1/2/18,353.25,433.5,0.775,60.37
12/29/17,350.75,427,0.7863,60.42
12/28/17,352,427.75,0.788,59.84
12/27/17,353.75,428,0.7895,59.64
12/26/17,352.75,422.25,0.7743,59.97
12/22/17,352,424.75,0.7787,58.47
12/21/17,351.25,427,0.7794,58.36
12/20/17,349.25,423.5,0.7571,58.09
12/19/17,347.5,419.5,0.7503,57.46
12/18/17,347,420.5,0.752,57.16
12/15/17,347.5,418.25,0.7592,57.3
12/14/17,336.25,418.25,0.7533,57.04
12/13/17,336.75,416.75,0.7413,56.6
12/12/17,335.75,410.75,0.7291,57.14
12/11/17,336.5,413.5,0.73,57.99
12/8/17,340,419,0.7372,57.36
12/7/17,338.75,421.5,0.7423,56.69
12/6/17,339.25,425.25,0.7272,55.96
12/5/17,339.75,432.75,0.7251,57.62
12/4/17,339.5,435.25,0.7258,57.47
12/1/17,344.75,438.5,0.7328,58.36
11/30/17,341.75,433,0.7281,57.4
11/29/17,339,434.75,0.7343,57.3
11/28/17,336.25,429.25,0.7214,57.99
11/27/17,338.75,428.25,0.7142,58.11
11/24/17,342.25,434.75,0.7193,58.95
11/22/17,345.25,440.75,0.7114,58.02
11/21/17,345,441.25,0.709,56.83
11/20/17,345,438.5,0.7137,56.09
11/17/17,343,443.5,0.6978,56.55
11/16/17,336.5,438,0.6921,55.14
11/15/17,338.25,437.75,0.6881,55.33
11/14/17,337.5,445.25,0.686,55.7
11/13/17,342.25,424.25,0.6888,56.76
11/10/17,343.5,431.5,0.6905,56.74
11/9/17,341.5,429,0.6829,57.17
11/8/17,348.25,426.75,0.6863,56.81
11/7/17,347.75,427.25,0.6807,57.2
11/6/17,348,430.75,0.6885,57.35
11/3/17,348.25,425.75,0.6872,55.64
11/2/17,350.5,426,0.6908,54.54
11/1/17,348.25,418,0.6817,54.3
10/31/17,345.75,418.5,0.6838,54.38
10/30/17,348.75,424.75,0.6864,54.15
10/27/17,348.75,427.25,0.682,53.9
10/26/17,350.5,431.75,0.6819,52.64
10/25/17,351,435.5,0.6931,52.18
10/24/17,352.75,438,0.6954,52.47
10/23/17,351.25,436.75,0.6972,51.9
10/20/17,344.5,426,0.6688,51.84
10/19/17,349,432.75,0.6731,51.29
10/18/17,348.5,430,0.6763,52.04
10/17/17,350,434.75,0.6777,51.88
10/16/17,350.5,436.5,0.6753,51.87
10/13/17,352.75,439.5,0.6862,51.45
10/12/17,349,430.5,0.6784,50.6
10/11/17,346,433.25,0.6873,51.3
10/10/17,349.25,435.25,0.6895,50.92
10/9/17,349.5,436,0.6895,49.58
10/6/17,350,443.5,0.6884,49.29
10/5/17,349.5,440.75,0.6827,50.79
10/4/17,348.25,442,0.688,49.98
10/3/17,349.5,448,0.6752,50.42
10/2/17,351.5,444.75,0.6757,50.58
9/29/17,355.25,448.25,0.6845,51.67
9/28/17,352.5,455,0.6897,51.56
9/27/17,354,461.5,0.6865,52.14
9/26/17,352.25,453.75,0.6875,51.88
9/25/17,353.75,454,0.6946,52.22
9/22/17,353.5,449.5,0.6846,50.66
9/21/17,350.25,452.5,0.6825,50.55
9/20/17,350,449.75,0.6925,50.41
9/19/17,348.25,443,0.6927,49.48
9/18/17,351.5,443.5,0.695,49.91
9/15/17,354.75,449,0.6907,49.89
9/14/17,341.75,443,0.6912,49.89
9/13/17,338.5,443.25,0.6909,49.3
9/12/17,340,442,0.6911,48.23
9/11/17,345.5,434.75,0.7211,48.07
9/8/17,344.25,437.75,0.7459,47.48
9/7/17,341.75,437.25,0.7427,49.09
9/6/17,347,445.75,0.745,49.16
9/5/17,344.25,443,0.7488,48.66
9/1/17,340,438.75,0.7188,47.29
8/31/17,342.25,434.5,0.7093,47.23
8/30/17,329.5,429.75,0.7085,45.96
8/29/17,333.5,429.75,0.6998,46.44
8/28/17,336,428,0.6983,46.57
8/25/17,338.75,435.25,0.6815,47.87
8/24/17,342,434.5,0.6983,47.43
8/23/17,342,430,0.6889,48.41
8/22/17,346,429,0.6781,47.64
8/21/17,349,437,0.6756,47.37
8/18/17,352,442.5,0.6728,48.51
8/17/17,350.5,440.75,0.6691,47.09
8/16/17,352.5,447,0.6682,46.78
8/15/17,355.25,456,0.6716,47.55
8/14/17,362.75,467.75,0.6775,47.59
8/11/17,360.75,467,0.6825,48.82
8/10/17,357.25,468.75,0.6811,48.59
8/9/17,372.25,486.75,0.7111,49.56
8/8/17,369.75,457,0.7113,49.17
8/7/17,372.25,463.5,0.7055,49.39
8/4/17,366.5,454.75,0.7062,49.58
8/3/17,363.5,457.75,0.7016,49.03
8/2/17,365,460.75,0.7034,49.59
8/1/17,362.5,461.25,0.6931,49.16
7/31/17,370.75,474.5,0.6886,50.17
7/28/17,374.25,481,0.688,49.71
7/27/17,374.25,479.75,0.6889,49.04
7/26/17,372.75,477.75,0.684,48.75
7/25/17,368.75,474,0.6883,47.89
7/24/17,377.25,488.75,0.6829,46.34
7/21/17,379.75,499.25,0.6842,45.77
7/20/17,391,505.75,0.6898,