Date,Symbol,Close,High,Low,Open,Volume,Prev_Close,Next_Open,Earn_Date,EPS_Est,EPS_Res,Surprise
2020-06-30,AAPL,90.07498168945312,90.36634838652466,88.88978753641321,88.90953750700892,140223200.0,89.32929229736328,90.15398968006652,,0.51,0.65,0.2622
2020-07-01,AAPL,89.90460205078125,90.70707923740089,89.855223360465,90.15398968006652,110737200.0,90.07498168945312,90.82807322952783,,0.51,0.65,0.2622
2020-07-02,AAPL,89.90460205078125,91.47499209432716,89.78855873766204,90.82807322952783,114041600.0,89.90460205078125,91.3589419767668,,0.51,0.65,0.2622
2020-07-06,AAPL,92.3095703125,92.78611649866833,91.32684168340042,91.3589419767668,118655600.0,89.90460205078125,92.69476725691926,,0.51,0.65,0.2622
2020-07-07,AAPL,92.02315521240234,93.48736577033814,91.90957592454987,92.69476725691926,112424400.0,92.3095703125,93.01823113648076,,0.51,0.65,0.2622
2020-07-08,AAPL,94.16638946533203,94.19848976316368,92.92933742438687,93.01823113648076,117092000.0,92.02315521240234,95.07503057127805,,0.51,0.65,0.2622
2020-07-09,AAPL,94.57132720947266,95.12935240856457,93.50464796927209,95.07503057127805,125642800.0,94.16638946533203,94.15897267493078,,0.51,0.65,0.2622
2020-07-10,AAPL,94.73675537109375,94.79602035153536,93.53674689489692,94.15897267493078,90257200.0,94.57132720947266,96.06516145214023,,0.51,0.65,0.2622
2020-07-13,AAPL,94.29971313476562,98.72198066215347,94.08242579688319,96.06516145214023,191649200.0,94.73675537109375,93.67007014547187,,0.51,0.65,0.2622
2020-07-14,AAPL,95.86022186279297,96.05528011904552,92.71944937069797,93.67007014547187,170989200.0,94.29971313476562,97.76888012310584,,0.51,0.65,0.2622
2020-07-15,AAPL,96.51948547363281,98.02320336119351,95.29971954544688,97.76888012310584,153198000.0,95.86022186279297,95.37133273206905,,0.51,0.65,0.2622
2020-07-16,AAPL,95.33182525634766,96.20343868838422,94.7219422575948,95.37133273206905,110577600.0,96.51948547363281,95.791083170534,,0.51,0.65,0.2622
2020-07-17,AAPL,95.13922119140625,95.94910552181119,94.65773188703783,95.791083170534,92186800.0,95.33182525634766,95.22812434181166,,0.51,0.65,0.2622
2020-07-20,AAPL,97.1441879272461,97.28493189607067,94.87750020574912,95.22812434181166,90318000.0,95.13922119140625,97.94912975521868,,0.51,0.65,0.2622
2020-07-21,AAPL,95.80342864990234,98.02567312889492,95.5491054164955,97.94912975521868,103433200.0,97.1441879272461,95.49972372166802,,0.51,0.65,0.2622
2020-07-22,AAPL,96.07257080078125,96.76640434042224,95.41083755522646,95.49972372166802,89001600.0,95.80342864990234,95.80096410015126,,0.51,0.65,0.2622
2020-07-23,AAPL,91.69969177246094,95.87997905144097,90.87499299848585,95.80096410015126,197004400.0,96.07257080078125,89.86510803454473,,0.51,0.65,0.2622
2020-07-24,AAPL,91.47252655029297,91.82315069045995,88.04533024179439,89.86510803454473,185438800.0,91.69969177246094,92.55400522326244,,0.51,0.65,0.2622
2020-07-27,AAPL,93.64043426513672,93.73426356364357,92.32684669187893,92.55400522326244,121214000.0,91.47252655029297,93.20340877899146,,0.51,0.65,0.2622
2020-07-28,AAPL,92.10216522216797,93.38366022189251,92.09722207821315,93.20340877899146,103625600.0,93.64043426513672,92.59352691155705,,0.51,0.65,0.2622
2020-07-29,AAPL,93.86761474609375,94.05527337192426,92.55649100784854,92.59352691155705,90329200.0,92.10216522216797,93.02563301804214,,0.51,0.65,0.2622
2020-07-30,AAPL,95.00343322753906,95.10960533333248,92.61081581265336,93.02563301804214,158130000.0,93.86761474609375,101.61583670538374,2020-07-30,0.51,0.65,0.2622
2020-07-31,AAPL,104.94920349121094,105.10229024165596,99.58124326174764,101.61583670538374,374336800.0,95.00343322753906,106.8652758888881,,0.7,0.73,0.0429
2020-08-03,AAPL,107.59368133544922,110.26037197233602,106.56157393454843,106.8652758888881,308151200.0,104.94920349121094,107.7862700272048,,0.7,0.73,0.0429
2020-08-04,AAPL,108.31220245361328,109.42332475100126,107.05045743756695,107.7862700272048,173071600.0,107.59368133544922,108.02825582357443,,0.7,0.73,0.0429
2020-08-05,AAPL,108.70480346679688,109.03073449860591,107.55417363773576,108.02825582357443,121776800.0,108.31220245361328,109.04306803384648,,0.7,0.73,0.0429
2020-08-06,AAPL,112.49742126464844,113.0011321314866,108.443063822994,109.04306803384648,202428800.0,108.70480346679688,112.01013278874784,,0.7,0.73,0.0429
2020-08-07,AAPL,109.9397201538086,112.4751731870546,109.12837548512455,112.01013278874784,198045600.0,112.49742126464844,111.41150204217344,,0.7,0.73,0.0429
2020-08-10,AAPL,111.53765869140625,112.57410290073884,108.83894663156423,111.41150204217344,212403600.0,109.9397201538086,110.78816160681417,,0.7,0.73,0.0429
2020-08-11,AAPL,108.22055053710938,111.29524916692716,107.95587217892492,110.78816160681417,187902400.0,111.53765869140625,109.3311992922912,,0.7,0.73,0.0429
2020-08-12,AAPL,111.81718444824219,112.07938677609694,109.13331330673283,109.3311992922912,165598000.0,108.22055053710938,113.2221863990766,,0.7,0.73,0.0429
2020-08-13,AAPL,113.79606628417969,114.81766940710159,112.72498789400663,113.2221863990766,210082000.0,111.81718444824219,113.61799023439642,,0.7,0.73,0.0429
2020-08-14,AAPL,113.69467163085938,113.78619410090432,111.85182698946075,113.61799023439642,165565200.0,113.79606628417969,114.83746385011978,,0.7,0.73,0.0429
2020-08-17,AAPL,113.39781951904297,114.86220148565508,112.75963079588445,114.83746385011978,119561600.0,113.69467163085938,113.14550777279764,,0.7,0.73,0.0429
2020-08-18,AAPL,114.34273529052734,114.77561746847958,112.80414804750816,113.14550777279764,105633600.0,113.39781951904297,114.75830494430609,,0.7,0.73,0.0429
2020-08-19,AAPL,114.4862060546875,115.92585036705157,114.38973909088014,114.75830494430609,145538000.0,114.34273529052734,114.52826114118969,,0.7,0.73,0.0429
2020-08-20,AAPL,117.026611328125,117.14287142000698,114.51094404160023,114.52826114118969,126907200.0,114.4862060546875,118.00367793395917,,0.7,0.73,0.0429
2020-08-21,AAPL,123.0572738647461,123.549520322597,117.99131289135765,118.00367793395917,338054800.0,117.026611328125,127.33909587462361,,0.7,0.73,0.0429
2020-08-24,AAPL,124.5290756225586,127.42568137309017,122.62934298323016,127.33909587462361,345937600.0,123.0572738647461,123.38132769450378,,0.7,0.73,0.0429
2020-08-25,AAPL,123.50747680664062,123.85873312504403,121.7536863406487,123.38132769450378,211495600.0,124.5290756225586,124.84818139000471,,0.7,0.73,0.0429
2020-08-26,AAPL,125.18706512451172,125.65210552325912,123.76226178347572,124.84818139000471,163022400.0,123.50747680664062,125.8005201548037,,0.7,0.73,0.0429
2020-08-27,AAPL,123.6905288696289,126.13940387950171,122.52545187812835,125.8005201548037,155552400.0,125.18706512451172,124.68243355468476,,0.7,0.73,0.0429
2020-08-28,AAPL,123.49015808105469,125.1078952015609,123.26258241226999,124.68243355468476,187630000.0,123.6905288696289,126.23339724366912,,0.7,0.73,0.0429
2020-08-31,AAPL,127.677978515625,129.61729739445286,124.67007230306152,126.23339724366912,225702700.0,123.49015808105469,131.3587076181438,,0.7,0.73,0.0429
2020-09-01,AAPL,132.7637176513672,133.37718379378953,129.15224958195859,131.3587076181438,151948100.0,127.677978515625,136.13772823292592,,0.7,0.73,0.0429
2020-09-02,AAPL,130.0130615234375,136.52361116287804,125.65950974460688,136.13772823292592,200119000.0,132.7637176513672,125.57047050037691,,0.7,0.73,0.0429
2020-09-03,AAPL,119.60411071777344,127.48009213276907,119.22812432959566,125.57047050037691,257599600.0,130.0130615234375,118.80266024441875,,0.7,0.73,0.0429
2020-09-04,AAPL,119.68326568603516,122.39434285857784,109.71955488861461,118.80266024441875,332607200.0,119.60411071777344,112.74725870946409,,0.7,0.73,0.0429
2020-09-08,AAPL,111.62918853759766,117.73406259131941,111.49066683661835,112.74725870946409,231366600.0,119.68326568603516,116.02232364245926,,0.7,0.73,0.0429
2020-09-09,AAPL,116.0816879272461,117.88247753815494,114.04343362832354,116.02232364245926,176940500.0,111.62918853759766,119.08960432646774,,0.7,0.73,0.0429
2020-09-10,AAPL,112.2921142578125,119.22812602665577,111.31256579252094,119.08960432646774,182274400.0,116.0816879272461,113.36071393743832,,0.7,0.73,0.0429
2020-09-11,AAPL,110.81784057617188,114.01375126428945,108.83895056588311,113.36071393743832,180860300.0,112.2921142578125,113.50914312976744,,0.7,0.73,0.0429
2020-09-14,AAPL,114.14238739013672,114.70637079543023,111.60941034865957,113.50914312976744,140150100.0,110.81784057617188,117.08103290253393,,0.7,0.73,0.0429
2020-09-15,AAPL,114.32048034667969,117.57575542045333,112.41085112555612,117.08103290253393,184642000.0,114.14238739013672,114.01375006124978,,0.7,0.73,0.0429
2020-09-16,AAPL,110.94646453857422,114.77561938567077,110.85741811250664,114.01375006124978,154679000.0,114.32048034667969,108.56191054234236,,0.7,0.73,0.0429
2020-09-17,AAPL,109.17536163330078,111.0157300039091,107.56256894244146,108.56191054234236,178011000.0,110.94646453857422,109.23473259431562,,0.7,0.73,0.0429
2020-09-18,AAPL,105.7123031616211,109.70966198036143,104.97021939066632,109.23473259431562,287104900.0,109.17536163330078,103.43658718573442,,0.7,0.73,0.0429
2020-09-21,AAPL,108.9181137084961,109.02695326869762,102.01178388772657,103.43658718573442,195713800.0,105.7123031616211,111.4906722345709,,0.7,0.73,0.0429
2020-09-22,AAPL,110.62985229492188,111.66877265143391,108.0078288645316,111.4906722345709,183055400.0,108.9181137084961,110.44185974151712,,0.7,0.73,0.0429
2020-09-23,AAPL,105.9893569946289,110.92668570471784,105.64304518633314,110.44185974151712,150718700.0,110.62985229492188,104.05992572171473,,0.7,0.73,0.0429
2020-09-24,AAPL,107.0777359008789,109.0863079829043,103.89172188848029,104.05992572171473,167743300.0,105.9893569946289,107.28552492339996,,0.7,0.73,0.0429
2020-09-25,AAPL,111.09488677978516,111.25320160806844,106.53354458678736,107.28552492339996,149981400.0,107.0777359008789,113.79608019273178,,0.7,0.73,0.0429
2020-09-28,AAPL,113.7466049194336,114.10280575035327,111.58961435391639,113.79608019273178,137672400.0,111.09488677978516,113.34094701354356,,0.7,0.73,0.0429
2020-09-29,AAPL,112.88579559326172,114.09291990603624,112.37128742740528,113.34094701354356,99382200.0,113.7466049194336,112.58894051157287,,0.7,0.73,0.0429
2020-09-30,AAPL,114.58761596679688,116.02231565762683,112.4207366836753,112.58894051157287,142675200.0,112.88579559326172,116.39831591228928,,0.7,0.73,0.0429
2020-10-01,AAPL,115.55728912353516,116.47747332858457,114.6074227745917,116.39831591228928,116120400.0,114.58761596679688,111.69843176810822,,0.7,0.73,0.0429
2020-10-02,AAPL,111.82705688476562,114.15225838912713,111.03550551101448,111.69843176810822,144712000.0,115.55728912353516,112.70768109561531,,0.7,0.73,0.0429
2020-10-05,AAPL,115.27033996582031,115.41875822233064,112.35148029953696,112.70768109561531,106243800.0,111.82705688476562,114.47877489927686,,0.7,0.73,0.0429
2020-10-06,AAPL,111.96559143066406,114.89434750526445,111.06519292470092,114.47877489927686,161498200.0,115.27033996582031,113.41020495621092,,0.7,0.73,0.0429
2020-10-07,AAPL,113.86534881591797,114.33038924073337,112.9253714011789,113.41020495621092,96849000.0,111.96559143066406,115.02298871855636,,0.7,0.73,0.0429
2020-10-08,AAPL,113.75650024414062,115.17140698796656,113.38050628845255,115.02298871855636,83477200.0,113.86534881591797,114.0632251448416,,0.7,0.73,0.0429
2020-10-09,AAPL,115.73538970947266,115.76507185341127,113.70702431984483,114.0632251448416,100506900.0,113.75650024414062,118.79277196519956,,0.7,0.73,0.0429
2020-10-12,AAPL,123.08696746826172,123.85873341034352,118.02100602311775,118.79277196519956,240226800.0,115.73538970947266,123.94776081541772,,0.7,0.73,0.0429
2020-10-13,AAPL,119.82177734375,124.06649692245958,118.38708524077263,123.94776081541772,262330500.0,123.08696746826172,119.72285354584587,,0.7,0.73,0.0429
2020-10-14,AAPL,119.91085052490234,121.73142583139962,118.3574220659729,119.72285354584587,150712000.0,119.82177734375,117.46691201342668,,0.7,0.73,0.0429
2020-10-15,AAPL,119.43590545654297,119.9207313945345,116.90292866343393,117.46691201342668,112559200.0,119.91085052490234,119.99990390102317,,0.7,0.73,0.0429
2020-10-16,AAPL,117.76375579833984,120.26705831291545,117.55597322734987,119.99990390102317,115393800.0,119.43590545654297,118.69382343032512,,0.7,0.73,0.0429
2020-10-19,AAPL,114.7558364868164,119.14896723265261,114.43921438307267,118.69382343032512,120639300.0,117.76375579833984,114.97352084586231,,0.7,0.73,0.0429
2020-10-20,AAPL,116.26969909667969,117.72418464255483,114.40953742489718,114.97352084586231,124423700.0,114.7558364868164,115.43854293891002,,0.7,0.73,0.0429
2020-10-21,AAPL,115.63643646240234,117.45701158533537,115.2208638375015,115.43854293891002,89946000.0,116.26969909667969,116.21032050698814,,0.7,0.73,0.0429
2020-10-22,AAPL,114.52826690673828,116.79409702397534,113.38050700153865,116.21032050698814,101988000.0,115.63643646240234,115.16150148154033,,0.7,0.73,0.0429
2020-10-23,AAPL,113.82575225830078,115.31981630298279,113.07377195418142,115.16150148154033,82572600.0,114.52826690673828,112.80662390142896,,0.7,0.73,0.0429
2020-10-26,AAPL,113.83564758300781,115.31981504798122,111.68854624654136,112.80662390142896,111850700.0,113.82575225830078,114.27100858546365,,0.7,0.73,0.0429
2020-10-27,AAPL,115.36929321289062,116.04211615988314,113.33103879208986,114.27100858546365,92276800.0,113.83564758300781,113.83566052586264,,0.7,0.73,0.0429
2020-10-28,AAPL,110.02629089355469,114.21164694214625,109.92734789441342,113.83566052586264,143937800.0,115.36929321289062,111.18394613079873,,0.7,0.73,0.0429
2020-10-29,AAPL,114.1028060913086,115.69581327077424,111.01573473040241,111.18394613079873,146129200.0,110.02629089355469,109.8877670398442,2020-10-29,0.7,0.73,0.0429
2020-10-30,AAPL,107.71099090576172,110.80795125674213,106.58302413006321,109.8877670398442,190272600.0,114.1028060913086,107.9583405669905,,1.41,1.68,0.1898
2020-11-02,AAPL,107.6219253540039,109.51176885766749,106.18723317653382,107.9583405669905,122866900.0,107.71099090576172,108.50254894111902,,1.41,1.68,0.1898
2020-11-03,AAPL,109.2743148803711,110.31322766441549,107.58236473304154,108.50254894111902,107624400.0,107.6219253540039,112.93525391522112,,1.41,1.68,0.1898
2020-11-04,AAPL,113.73670196533203,114.36994617386571,111.16414642455564,112.93525391522112,138235500.0,109.2743148803711,116.70504102429527,,1.41,1.68,0.1898
2020-11-05,AAPL,117.77364349365234,118.35742000054557,115.63644610380487,116.70504102429527,126387100.0,113.73670196533203,117.27311019177596,,1.41,1.68,0.1898
2020-11-06,AAPL,117.63983917236328,118.1453212730363,115.10248478361406,117.27311019177596,114457900.0,117.77364349365234,119.43381772424055,,1.41,1.68,0.1898
2020-11-09,AAPL,115.29080200195312,120.91063210823191,115.02319428532118,119.43381772424055,154515300.0,117.63983917236328,114.52761902812951,,1.41,1.68,0.1898
2020-11-10,AAPL,114.94390106201172,116.54956249609731,113.12017741155807,114.52761902812951,138023400.0,115.29080200195312,116.15311685631931,,1.41,1.68,0.1898
2020-11-11,AAPL,118.4327621459961,118.57152283485074,115.40975278235919,116.15311685631931,112295000.0,114.94390106201172,118.56161126182639,,1.41,1.68,0.1898
2020-11-12,AAPL,118.15523529052734,119.46355569756686,117.52089858177423,118.56161126182639,103162300.0,118.4327621459961,118.38320350923577,,1.41,1.68,0.1898
2020-11-13,AAPL,118.20479583740234,118.61116424653456,116.82709509009042,118.38320350923577,81581900.0,118.15523529052734,117.86780856419206,,1.41,1.68,0.1898
2020-11-16,AAPL,119.23560333251953,119.91949315479266,117.10462475728445,117.86780856419206,91183000.0,118.20479583740234,118.4922366474386,,1.41,1.68,0.1898
2020-11-17,AAPL,118.33364868164062,119.60232216046282,117.90745297592156,118.4922366474386,74271000.0,119.23560333251953,117.56054965181664,,1.41,1.68,0.1898
2020-11-18,AAPL,116.98567962646484,118.75984276973934,116.95594627375533,117.56054965181664,76322100.0,118.33364868164062,116.54957350994096,,1.41,1.68,0.1898
2020-11-19,AAPL,117.59028625488281,118.00656832810336,115.77647607056268,116.54957350994096,74113000.0,116.98567962646484,117.5902891351968,,1.41,1.68,0.1898
2020-11-20,AAPL,116.30178833007812,117.71913619095238,116.25223526027554,117.5902891351968,73604300.0,117.59028625488281,116.14319712671745,,1.41,1.68,0.1898
2020-11-23,AAPL,112.84265899658203,116.57930644703998,112.7435453042969,116.14319712671745,127959300.0,116.30178833007812,112.90213951441312,,1.41,1.68,0.1898
2020-11-24,AAPL,114.15098571777344,114.82496944928602,111.59381148098541,112.90213951441312,113874200.0,112.84265899658203,114.52762343873567,,1.41,1.68,0.1898
2020-11-25,AAPL,115.00337219238281,115.7170028847436,114.15098081671742,114.52762343873567,76499200.0,114.15098571777344,115.53860618748973,,1.41,1.68,0.1898
2020-11-27,AAPL,115.55842590332031,116.45046435351239,115.19170444627359,115.53860618748973,46691300.0,115.00337219238281,115.93506018085895,,1.41,1.68,0.1898
2020-11-30,AAPL,117.99665832519531,119.8996685067872,115.77647221811449,115.93506018085895,169410200.0,115.55842590332031,119.93931662320043,,1.41,1.68,0.1898
2020-12-01,AAPL,121.63418579101562,122.37754985910423,118.9481645324156,119.93931662320043,127728200.0,117.99665832519531,120.94037098915713,,1.41,1.68,0.1898
2020-12-02,AAPL,121.99099731445312,122.27843231917343,119.82037188405256,120.94037098915713,89004200.0,121.63418579101562,122.42710398671005,,1.41,1.68,0.1898
2020-12-03,AAPL,121.85224151611328,122.68480564987506,121.12869715634282,122.42710398671005,78967600.0,121.99099731445312,121.51524430827394,,1.41,1.68,0.1898
2020-12-04,AAPL,121.16834259033203,121.77294596812663,120.4447982398615,121.51524430827394,78260400.0,121.85224151611328,121.22781359803948,,1.41,1.68,0.1898
2020-12-07,AAPL,122.65507507324219,123.46781951064582,121.16834689053623,121.22781359803948,86712000.0,121.16834259033203,123.26958916283792,,1.41,1.68,0.1898
2020-12-08,AAPL,123.27949523925781,123.87419254762946,122.00090812528343,123.26958916283792,82225500.0,122.65507507324219,123.42815981467936,,1.41,1.68,0.1898
2020-12-09,AAPL,120.7024917602539,124.83559386792912,119.92939439471925,123.42815981467936,115089200.0,123.27949523925781,119.43381983002497,,1.41,1.68,0.1898
2020-12-10,AAPL,122.14957427978516,122.77400489941888,119.0869181312784,119.43381983002497,81312200.0,120.7024917602539,121.3467468990091,,1.41,1.68,0.1898
2020-12-11,AAPL,121.3269271850586,121.67382889336821,119.4833837501674,121.3467468990091,86939800.0,122.14957427978516,121.515236114007,,1.41,1.68,0.1898
2020-12-14,AAPL,120.7024917602539,122.2586001288503,120.4646173928332,121.515236114007,79184500.0,121.3269271850586,123.23984077550581,,1.41,1.68,0.1898
2020-12-15,AAPL,126.74851989746094,126.76834717287936,123.03169975495211,123.23984077550581,157243700.0,120.7024917602539,126.28269102772143,,1.41,1.68,0.1898
2020-12-16,AAPL,126.67914581298828,127.23418856187412,125.44020570430358,126.28269102772143,98208600.0,126.74851989746094,127.75949906182646,,1.41,1.68,0.1898
2020-12-17,AAPL,127.56127166748047,128.4334903511398,126.90710765473597,127.75949906182646,94359800.0,126.67914581298828,127.81898240014566,,1.41,1.68,0.1898
2020-12-18,AAPL,125.5393295288086,127.95774309020369,125.00410648348884,127.81898240014566,192541500.0,127.56127166748047,123.91383116029819,,1.41,1.68,0.1898
2020-12-21,AAPL,127.09542846679688,127.17472244897581,122.35772267901582,123.91383116029819,121251600.0,125.5393295288086,130.4455042548885,,1.41,1.68,0.1898
2020-12-22,AAPL,130.71311950683594,133.22073264412876,128.50283984528693,130.4455042548885,168904800.0,127.09542846679688,130.99064887860894,,1.41,1.68,0.1898
2020-12-23,AAPL,129.80126953125,131.25824902321392,129.62285431106775,130.99064887860894,88223700.0,130.71311950683594,130.15809486153572,,1.41,1.68,0.1898
2020-12-24,AAPL,130.80233764648438,132.27915965003973,129.94004019996967,130.15809486153572,54930100.0,129.80126953125,132.80445310520668,,1.41,1.68,0.1898
2020-12-28,AAPL,135.48056030273438,136.12480301043942,132.3286892876804,132.80445310520668,124486200.0,130.80233764648438,136.8285375043935,,1.41,1.68,0.1898
2020-12-29,AAPL,133.67666625976562,137.56198030988986,133.15135690629089,136.8285375043935,121047300.0,135.48056030273438,134.38039334679627,,1.41,1.68,0.1898
2020-12-30,AAPL,132.53684997558594,134.78676930670028,132.21967406821312,134.38039334679627,96452100.0,133.67666625976562,132.89366136205535,,1.41,1.68,0.1898
2020-12-31,AAPL,131.51596069335938,133.5478253087459,130.5545420478903,132.89366136205535,99116600.0,132.53684997558594,132.33861946156387,,1.41,1.68,0.1898
2021-01-04,AAPL,128.26498413085938,132.42781951198282,125.6384298147719,132.33861946156387,143301900.0,131.51596069335938,127.74959248350771,,1.41,1.68,0.1898
2021-01-05,AAPL,129.850830078125,130.5743819941272,127.29365586690058,127.74959248350771,97664900.0,128.26498413085938,126.58993611477449,,1.41,1.68,0.1898
2021-01-06,AAPL,125.47984313964844,129.89047412782114,125.26178848722282,126.58993611477449,155088000.0,129.850830078125,127.22426535729943,,1.41,1.68,0.1898
2021-01-07,AAPL,129.76161193847656,130.46533647993016,126.72868938054519,127.22426535729943,109578200.0,125.47984313964844,131.25826508633307,,1.41,1.68,0.1898
2021-01-08,AAPL,130.8816375732422,131.4565076049692,129.07773349536285,131.25826508633307,105158200.0,129.76161193847656,128.0469471263904,,1.41,1.68,0.1898
2021-01-11,AAPL,127.83879852294922,129.01827198695918,127.36304973137409,128.0469471263904,100384500.0,130.8816375732422,127.36304410820614,,1.41,1.68,0.1898
2021-01-12,AAPL,127.66039276123047,128.54251752014153,125.73755527862463,127.36304410820614,91951100.0,127.83879852294922,127.62072916663746,,1.41,1.68,0.1898
2021-01-13,AAPL,129.7318878173828,130.28693053102222,127.3531290092768,127.62072916663746,88636800.0,127.66039276123047,129.6427013552736,,1.41,1.68,0.1898
2021-01-14,AAPL,127.76942443847656,129.8409287560992,127.62074254502143,129.6427013552736,90221800.0,129.7318878173828,127.64055677283626,,1.41,1.68,0.1898
2021-01-15,AAPL,126.01506805419922,129.0678181109136,125.87630737542948,127.64055677283626,111598500.0,127.76942443847656,126.64941397967692,,1.41,1.68,0.1898
2021-01-19,AAPL,126.698974609375,127.57119329596271,125.81684984636,126.64941397967692,90757300.0,126.01506805419922,127.52163851946128,,1.41,1.68,0.1898
2021-01-20,AAPL,130.86181640625,131.31775304710658,127.4126111786335,127.52163851946128,104319500.0,126.698974609375,132.61615228017803,,1.41,1.68,0.1898
2021-01-21,AAPL,135.6589813232422,138.43421019190848,132.40800368742129,132.61615228017803,120150900.0,130.86181640625,135.07423052267146,,1.41,1.68,0.1898
2021-01-22,AAPL,137.8395538330078,138.61265139586277,133.82538410354812,135.07423052267146,114459400.0,135.6589813232422,141.80413843247428,,1.41,1.68,0.1898
2021-01-25,AAPL,141.65545654296875,143.80625478854378,135.3319012952781,141.80413843247428,157611700.0,137.8395538330078,142.32945041686003,,1.41,1.68,0.1898
2021-01-26,AAPL,141.89334106445312,143.02325387578864,140.11917030114162,142.32945041686003,98390600.0,141.65545654296875,142.1609436555323,,1.41,1.68,0.1898
2021-01-27,AAPL,140.80307006835938,143.02325629831762,139.16767509291438,142.1609436555323,140843800.0,141.89334106445312,138.28553673847335,2021-01-27,1.41,1.68,0.1898
2021-01-28,AAPL,135.8770294189453,140.73368348510468,135.4904807286235,138.28553673847335,142621100.0,140.80307006835938,134.628204095786,,0.99,1.4,0.41840000000000005
2021-01-29,AAPL,130.79244995117188,135.53015622049224,129.05793361463626,134.628204095786,177523800.0,135.8770294189453,132.56657633563603,,0.99,1.4,0.41840000000000005
2021-02-01,AAPL,132.953125,134.18215889058797,129.77152051348202,132.56657633563603,106239800.0,130.79244995117188,134.52906663409996,,0.99,1.4,0.41840000000000005
2021-02-02,AAPL,133.79562377929688,135.1039366512956,133.41898115194581,134.52906663409996,83305400.0,132.953125,134.55880226918163,,0.99,1.4,0.41840000000000005
2021-02-03,AAPL,132.75491333007812,134.56872346929944,132.42783132558438,134.55880226918163,89880900.0,133.79562377929688,135.09402535329895,,0.99,1.4,0.41840000000000005
2021-02-04,AAPL,136.17437744140625,136.18428351719245,133.39914871951223,135.09402535329895,84183100.0,132.75491333007812,136.33815217920252,,0.99,1.4,0.41840000000000005
2021-02-05,AAPL,135.7524871826172,136.40762861490575,134.85912351777134,136.33815217920252,75693800.0,136.17437744140625,135.02789091441582,,0.99,1.4,0.41840000000000005
2021-02-08,AAPL,135.9014129638672,135.95104765238244,133.9260674734507,135.02789091441582,71297200.0,135.7524871826172,135.61354826347286,,0.99,1.4,0.41840000000000005
2021-02-09,AAPL,135.00804138183594,136.86427583827964,134.84923157484786,135.61354826347286,76774200.0,135.9014129638672,135.47455981623114,,0.99,1.4,0.41840000000000005
2021-02-10,AAPL,134.39259338378906,135.98081238556708,133.40988117247127,135.47455981623114,73046600.0,135.00804138183594,134.89882275349234,,0.99,1.4,0.41840000000000005
2021-02-11,AAPL,134.13450622558594,135.38521839101477,132.78452469858013,134.89882275349234,64280000.0,134.39259338378906,133.36026681398644,,0.99,1.4,0.41840000000000005
2021-02-12,AAPL,134.37274169921875,134.53156663484012,132.70512531433295,133.36026681398644,60145100.0,134.13450622558594,134.49186036417268,,0.99,1.4,0.41840000000000005
2021-02-16,AAPL,132.20880126953125,135.00801865616705,131.8117389529448,134.49186036417268,80576300.0,134.37274169921875,130.28309710626456,,0.99,1.4,0.41840000000000005
2021-02-17,AAPL,129.87611389160156,131.24595244516027,128.51621136293377,130.28309710626456,97918500.0,132.20880126953125,128.24820295436643,,0.99,1.4,0.41840000000000005
2021-02-18,AAPL,128.75445556640625,129.0423125222409,126.4713962386598,128.24820295436643,96856700.0,129.87611389160156,129.28053832483133,,0.99,1.4,0.41840000000000005
2021-02-19,AAPL,128.9132537841797,129.74707708606485,127.8511442603183,129.28053832483133,87668800.0,128.75445556640625,127.0669645296321,,0.99,1.4,0.41840000000000005
2021-02-22,AAPL,125.07177734375,128.76437388656157,124.67472256770328,127.0669645296321,103916400.0,128.9132537841797,122.84827983772692,,0.99,1.4,0.41840000000000005
2021-02-23,AAPL,124.93280792236328,125.77654457886015,117.51783713609136,122.84827983772692,158273000.0,125.07177734375,124.01958380915855,,0.99,1.4,0.41840000000000005
2021-02-24,AAPL,124.42655944824219,124.63501149360545,121.32954897634254,124.01958380915855,111039900.0,124.93280792236328,123.76150507254467,,0.99,1.4,0.41840000000000005
2021-02-25,AAPL,120.09868621826172,125.52839091962409,119.65200431694484,123.76150507254467,148199500.0,124.42655944824219,121.6868955672051,,0.99,1.4,0.41840000000000005
2021-02-26,AAPL,120.36669921875,123.93024863147251,120.30713607932306,121.6868955672051,164560400.0,120.09868621826172,122.83835571951744,,0.99,1.4,0.41840000000000005
2021-03-01,AAPL,126.84859466552734,126.98756270452652,121.88542877787006,122.83835571951744,116307900.0,120.36669921875,127.46402128688611,,0.99,1.4,0.41840000000000005
2021-03-02,AAPL,124.19825744628906,127.77173512755735,124.08906719833675,127.46402128688611,102260900.0,126.84859466552734,123.89053821976361,,0.99,1.4,0.41840000000000005
2021-03-03,AAPL,121.16079711914062,124.78390954915092,120.94241661938041,123.89053821976361,112966300.0,124.19825744628906,120.85309417269335,,0.99,1.4,0.41840000000000005
2021-03-04,AAPL,119.24502563476562,122.68946410954997,117.74615492975623,120.85309417269335,178155000.0,121.16079711914062,120.08875926835887,,0.99,1.4,0.41840000000000005
2021-03-05,AAPL,120.5255126953125,121.04168616333465,116.7038766636271,120.08875926835887,153766600.0,119.24502563476562,120.03913341789608,,0.99,1.4,0.41840000000000005
2021-03-08,AAPL,115.50279998779297,120.1086174391068,115.35390349285848,120.03913341789608,154376600.0,120.5255126953125,118.15311527350332,,0.99,1.4,0.41840000000000005
2021-03-09,AAPL,120.19793701171875,121.16079231895672,117.91488545283488,118.15311527350332,129525800.0,115.50279998779297,120.7935399111984,,0.99,1.4,0.41840000000000005
2021-03-10,AAPL,119.09613800048828,121.26999961954307,118.57003602828821,120.7935399111984,111943300.0,120.19793701171875,121.63726774385582,,0.99,1.4,0.41840000000000005
2021-03-11,AAPL,121.06153869628906,122.30233014025707,120.36669851694295,121.63726774385582,103026500.0,119.09613800048828,119.51303342584326,,0.99,1.4,0.41840000000000005
2021-03-12,AAPL,120.13838958740234,120.27735762330437,118.28217043362969,119.51303342584326,88105100.0,121.06153869628906,120.51559605525779,,0.99,1.4,0.41840000000000005
2021-03-15,AAPL,123.07658386230469,123.08651231443616,119.53288377037313,120.51559605525779,92403800.0,120.13838958740234,124.77397518201916,,0.99,1.4,0.41840000000000005
2021-03-16,AAPL,124.64493560791016,126.28278170527386,123.80119900417412,124.77397518201916,115227900.0,123.07658386230469,123.13614324917933,,0.99,1.4,0.41840000000000005
2021-03-17,AAPL,123.84091186523438,124.93280679752824,121.43873392636009,123.13614324917933,111932600.0,124.64493560791016,121.974768794393,,0.99,1.4,0.41840000000000005
2021-03-18,AAPL,119.64208221435547,122.27256179320227,119.43363014446518,121.974768794393,121229700.0,123.84091186523438,119.01672286001083,,0.99,1.4,0.41840000000000005
2021-03-19,AAPL,119.1060562133789,120.53545045279095,118.79834234307951,119.01672286001083,185549500.0,119.64208221435547,119.44355525616021,,0.99,1.4,0.41840000000000005
2021-03-22,AAPL,122.48101043701172,122.95747770714054,119.37407123480708,119.44355525616021,111912300.0,119.1060562133789,122.42145684843662,,0.99,1.4,0.41840000000000005
2021-03-23,AAPL,121.63727569580078,123.3247491406386,121.24022089313586,122.42145684843662,95467100.0,122.48101043701172,121.91519873984353,,0.99,1.4,0.41840000000000005
2021-03-24,AAPL,119.20530700683594,121.99461120651686,119.18545767676243,121.91519873984353,88530500.0,121.63727569580078,118.6593617971862,,0.99,1.4,0.41840000000000005
2021-03-25,AAPL,119.70162200927734,120.76374669756333,118.12333901388665,118.6593617971862,98844700.0,119.20530700683594,119.46339726892647,,0.99,1.4,0.41840000000000005
2021-03-26,AAPL,120.31706237792969,120.58507756757878,118.04393157122948,119.46339726892647,94071200.0,119.70162200927734,120.75382190301494,,0.99,1.4,0.41840000000000005
2021-03-29,AAPL,120.49573516845703,121.67697101778955,119.84060124004364,120.75382190301494,80819200.0,120.31706237792969,119.22517569854855,,0.99,1.4,0.41840000000000005
2021-03-30,AAPL,119.0167236328125,119.51304023880988,117.98438418355506,119.22517569854855,85671900.0,120.49573516845703,120.75383596458629,,0.99,1.4,0.41840000000000005
2021-03-31,AAPL,121.25015258789062,122.61005528890253,120.25751934128193,120.75383596458629,118323800.0,119.0167236328125,122.74902122590987,,0.99,1.4,0.41840000000000005
2021-04-01,AAPL,122.09387969970703,123.2651871412172,121.58763466338577,122.74902122590987,75089100.0,121.25015258789062,122.9574747764952,,0.99,1.4,0.41840000000000005
2021-04-05,AAPL,124.97251892089844,125.23060566828308,122.1633652029379,122.9574747764952,88651200.0,122.09387969970703,125.56810747429803,,0.99,1.4,0.41840000000000005
2021-04-06,AAPL,125.28024291992188,126.19346370216918,124.72437071736975,125.56810747429803,80171300.0,124.97251892089844,124.90303615896728,,0.99,1.4,0.41840000000000005
2021-04-07,AAPL,126.9577865600586,126.97763589166185,124.21811683420677,124.90303615896728,83466700.0,125.28024291992188,128.00004182472787,,0.99,1.4,0.41840000000000005
2021-04-08,AAPL,129.399658203125,129.42943598595218,127.57321683995164,128.00004182472787,88844600.0,126.9577865600586,128.84379462955374,,0.99,1.4,0.41840000000000005
2021-04-09,AAPL,132.0202178955078,132.05991655979062,128.5162238502924,128.84379462955374,106686700.0,129.399658203125,131.54374730177787,,0.99,1.4,0.41840000000000005
2021-04-12,AAPL,130.27317810058594,131.8713180539198,129.66767128233198,131.54374730177787,91420000.0,132.0202178955078,131.46435151111726,,0.99,1.4,0.41840000000000005
2021-04-13,AAPL,133.43968200683594,133.66799856226214,130.95809885431976,131.46435151111726,91266500.0,130.27317810058594,133.94592398240383,,0.99,1.4,0.41840000000000005
2021-04-14,AAPL,131.05735778808594,134.00547954989403,130.69008835764276,133.94592398240383,87222800.0,133.43968200683594,132.83417201889714,,0.99,1.4,0.41840000000000005
2021-04-15,AAPL,133.5091552734375,134.0054718357923,132.6554901803321,132.83417201889714,89347100.0,131.05735778808594,133.3106294061893,,0.99,1.4,0.41840000000000005
2021-04-16,AAPL,133.17166137695312,133.67789880923223,132.2981393952519,133.3106294061893,84922400.0,133.5091552734375,132.52646038239322,,0.99,1.4,0.41840000000000005
2021-04-19,AAPL,133.84666442871094,134.47202822601446,132.35771454665988,132.52646038239322,94264200.0,133.17166137695312,134.0253274158552,,0.99,1.4,0.41840000000000005
2021-04-20,AAPL,132.12939453125,134.5315648517617,130.83896845259383,134.0253274158552,94812300.0,133.84666442871094,131.38492408559975,,0.99,1.4,0.41840000000000005
2021-04-21,AAPL,132.5165252685547,132.76468355557444,130.3327353720567,131.38492408559975,68847100.0,132.12939453125,132.05990493315142,,0.99,1.4,0.41840000000000005
2021-04-22,AAPL,130.968017578125,133.16172831315941,130.44192323100566,132.05990493315142,84566500.0,132.5165252685547,131.18639890318005,,0.99,1.4,0.41840000000000005
2021-04-23,AAPL,133.3304901123047,134.1245845040875,131.18639890318005,131.18639890318005,78657500.0,130.968017578125,133.83672931475948,,0.99,1.4,0.41840000000000005
2021-04-26,AAPL,133.7275390625,134.06503069807303,132.57608097437807,133.83672931475948,66905100.0,133.3304901123047,134.0153910617959,,0.99,1.4,0.41840000000000005
2021-04-27,AAPL,133.39996337890625,134.41245339461122,133.12202731912515,134.0153910617959,66015800.0,133.7275390625,133.32056527480367,,0.99,1.4,0.41840000000000005
2021-04-28,AAPL,132.595947265625,134.0253415249885,132.09963065592274,133.32056527480367,107760100.0,133.39996337890625,135.4646366657616,2021-04-28,0.99,1.4,0.41840000000000005
2021-04-29,AAPL,132.4966583251953,136.06022256803277,131.4742474718534,135.4646366657616,151101000.0,132.595947265625,130.8091813288281,,1.01,1.3,0.29100000000000004
2021-04-30,AAPL,130.49154663085938,132.5760669354678,130.10442034954795,130.8091813288281,109839500.0,132.4966583251953,131.06726682793007,,1.01,1.3,0.29100000000000004
2021-05-03,AAPL,131.56358337402344,133.0823259397378,130.8588223605431,131.06726682793007,75135100.0,130.49154663085938,130.2235484568368,,1.01,1.3,0.29100000000000004
2021-05-04,AAPL,126.90814971923828,130.5213414381673,125.76662005505816,130.2235484568368,137564700.0,131.56358337402344,128.2481983991182,,1.01,1.3,0.29100000000000004
2021-05-05,AAPL,127.15631103515625,129.4889898216065,127.02726388037597,128.2481983991182,84000900.0,126.90814971923828,126.94787822967356,,1.01,1.3,0.29100000000000004
2021-05-06,AAPL,128.7842559814453,128.79417686222436,126.1934747649388,126.94787822967356,78128300.0,127.15631103515625,130.1066700613249,,1.01,1.3,0.29100000000000004
2021-05-07,AAPL,129.47030639648438,130.5143293920976,128.74444247513156,130.1066700613249,78973300.0,128.7842559814453,128.6748569533382,,1.01,1.3,0.29100000000000004
2021-05-10,AAPL,126.12939453125,128.8041081379708,126.08962085118023,128.6748569533382,88071200.0,129.47030639648438,122.79842726377477,,1.01,1.3,0.29100000000000004
2021-05-11,AAPL,125.19474029541016,125.5526882459164,122.07257087406853,122.79842726377477,126142800.0,126.12939453125,122.6989891138668,,1.01,1.3,0.29100000000000004
2021-05-12,AAPL,122.07256317138672,123.93194278085657,121.55552053234369,122.6989891138668,112172300.0,125.19474029541016,123.87228692227755,,1.01,1.3,0.29100000000000004
2021-05-13,AAPL,124.26007080078125,125.43336775232032,123.55410508386288,123.87228692227755,105861300.0,122.07256317138672,125.5328101835329,,1.01,1.3,0.29100000000000004
2021-05-14,AAPL,126.72599029541016,127.16349320992377,125.13508095088909,125.5328101835329,81918000.0,124.26007080078125,126.09956722159536,,1.01,1.3,0.29100000000000004
2021-05-17,AAPL,125.55268859863281,126.20894294618788,124.45893893876158,126.09956722159536,74244600.0,126.72599029541016,125.84103194360375,,1.01,1.3,0.29100000000000004
2021-05-18,AAPL,124.1407470703125,126.26858949087956,124.07114503173518,125.84103194360375,63342900.0,125.55268859863281,122.46035936480166,,1.01,1.3,0.29100000000000004
2021-05-19,AAPL,123.9816665649414,124.21035573844999,122.1620605629472,122.46035936480166,92612000.0,124.1407470703125,124.51859853324463,,1.01,1.3,0.29100000000000004
2021-05-20,AAPL,126.58677673339844,126.9944512525298,124.38933218032318,124.51859853324463,76857100.0,123.9816665649414,127.09389074676044,,1.01,1.3,0.29100000000000004
2021-05-21,AAPL,124.71746826171875,127.27286852156104,124.49871680517865,127.09389074676044,79295400.0,126.58677673339844,125.2941635560825,,1.01,1.3,0.29100000000000004
2021-05-24,AAPL,126.37796783447266,127.21319990082084,125.22456151605793,125.2941635560825,63092900.0,124.71746826171875,127.09387950696171,,1.01,1.3,0.29100000000000004
2021-05-25,AAPL,126.17910766601562,127.5910466917102,125.60240071087654,127.09387950696171,72009500.0,126.37796783447266,126.2387702549284,,1.01,1.3,0.29100000000000004
2021-05-26,AAPL,126.12939453125,126.6663278331111,125.7018369530673,126.2387702549284,56575900.0,126.17910766601562,125.72172756227569,,1.01,1.3,0.29100000000000004
2021-05-27,AAPL,124.56831359863281,126.91490761992699,124.36945278437554,125.72172756227569,94625600.0,126.12939453125,124.85666038020207,,1.01,1.3,0.29100000000000004
2021-05-28,AAPL,123.90211486816406,125.08535713175704,123.84245814430338,124.85666038020207,71311100.0,124.56831359863281,124.36945594692276,,1.01,1.3,0.29100000000000004
2021-06-01,AAPL,123.5739974975586,124.63791881160212,123.23593258751393,124.36945594692276,67637100.0,123.90211486816406,123.57398821171715,,1.01,1.3,0.29100000000000004
2021-06-02,AAPL,124.34955596923828,124.5285337275934,123.34529904529602,123.57398821171715,59278900.0,123.5739974975586,123.97172679020605,,1.01,1.3,0.29100000000000004
2021-06-03,AAPL,122.83820343017578,124.14075924532105,122.4305288884883,123.97172679020605,76229200.0,124.34955596923828,123.36518972235923,,1.01,1.3,0.29100000000000004
2021-06-04,AAPL,125.17485046386719,125.44332091103347,123.14643827238785,123.36518972235923,75169300.0,122.83820343017578,125.45325441701338,,1.01,1.3,0.29100000000000004
2021-06-07,AAPL,125.1847915649414,125.60240381752163,124.12087030086114,125.45325441701338,71057600.0,125.17485046386719,125.88080782226639,,1.01,1.3,0.29100000000000004
2021-06-08,AAPL,126.02001190185547,127.73024970692148,125.49302394540346,125.88080782226639,74403800.0,125.1847915649414,126.48734612475086,,1.01,1.3,0.29100000000000004
2021-06-09,AAPL,126.40779876708984,127.02427940988225,125.80126344051845,126.48734612475086,56877900.0,126.02001190185547,126.29841934668396,,1.01,1.3,0.29100000000000004
2021-06-10,AAPL,125.39359283447266,127.46177855674613,125.2245603939353,126.29841934668396,71186400.0,126.40779876708984,125.81120732547406,,1.01,1.3,0.29100000000000004
2021-06-11,AAPL,126.62654876708984,126.71604143995377,125.38364976547716,125.81120732547406,53522400.0,125.39359283447266,127.09388431096643,,1.01,1.3,0.29100000000000004
2021-06-14,AAPL,129.73876953125,129.79842625781126,126.34814488473575,127.09388431096643,96906500.0,126.62654876708984,129.20183271482102,,1.01,1.3,0.29100000000000004
2021-06-15,AAPL,128.90353393554688,129.85808699480287,128.65495414816948,129.20183271482102,62746300.0,129.73876953125,129.62939598037798,,1.01,1.3,0.29100000000000004
2021-06-16,AAPL,129.41064453125,130.14644623941754,127.73025774055996,129.62939598037798,91815000.0,128.90353393554688,129.06263530129124,,1.01,1.3,0.29100000000000004
2021-06-17,AAPL,131.04132080078125,131.79701310355543,128.91347831790355,129.06263530129124,96721700.0,129.41064453125,129.96746712492669,,1.01,1.3,0.29100000000000004
2021-06-18,AAPL,129.71888732910156,130.76291033388168,129.50013589500693,129.96746712492669,108953300.0,131.04132080078125,129.55979302366407,,1.01,1.3,0.29100000000000004
2021-06-21,AAPL,131.54843139648438,131.65780711387376,128.47598875178264,129.55979302366407,79663300.0,129.71888732910156,131.37939079300253,,1.01,1.3,0.29100000000000004
2021-06-22,AAPL,133.2188720703125,133.31831005161823,130.87227832929133,131.37939079300253,74783600.0,131.54843139648438,133.01010035802088,,1.01,1.3,0.29100000000000004
2021-06-23,AAPL,132.94049072265625,133.55697902121148,132.47315942612144,133.01010035802088,60214200.0,133.2188720703125,133.6862154349234,,1.01,1.3,0.29100000000000004
2021-06-24,AAPL,132.65213012695312,133.87513851332835,132.17484597979103,133.6862154349234,68711000.0,132.94049072265625,132.70185386613736,,1.01,1.3,0.29100000000000004
2021-06-25,AAPL,132.3538360595703,133.12940386130086,132.05553724995676,132.70185386613736,70783700.0,132.65213012695312,132.65214588904198,,1.01,1.3,0.29100000000000004
2021-06-28,AAPL,134.0143585205078,134.4816898209,132.59248915658492,132.65214588904198,62111300.0,132.3538360595703,134.03423478915533,,1.01,1.3,0.29100000000000004
2021-06-29,AAPL,135.5555419921875,135.71463670976001,133.58679417157657,134.03423478915533,64556100.0,134.0143585205078,135.39644041392634,,1.01,1.3,0.29100000000000004
2021-06-30,AAPL,136.1819610595703,136.62940165447677,135.09814162661988,135.39644041392634,63261400.0,135.5555419921875,135.82401179930892,,1.01,1.3,0.29100000000000004
2021-07-01,AAPL,136.49020385742188,136.54986058320702,134.988772121995,135.82401179930892,52485800.0,136.1819610595703,137.11660676796745,,1.01,1.3,0.29100000000000004
2021-07-02,AAPL,139.1649169921875,139.20468308305584,136.96746496207817,137.11660676796745,78852600.0,136.49020385742188,139.2742917359984,,1.01,1.3,0.29100000000000004
2021-07-06,AAPL,141.2132110595703,142.33678139101613,139.2742917359984,139.2742917359984,108181800.0,139.1649169921875,142.72457078977527,,1.01,1.3,0.29100000000000004
2021-07-07,AAPL,143.7487335205078,144.066907773892,141.8495802138886,142.72457078977527,104911600.0,141.2132110595703,140.7757113101087,,1.01,1.3,0.29100000000000004
2021-07-08,AAPL,142.42628479003906,143.24161862805707,139.87087721509917,140.7757113101087,105575500.0,143.7487335205078,141.93908088062489,,1.01,1.3,0.29100000000000004
2021-07-09,AAPL,144.28567504882812,144.82260079814793,141.8396428812171,141.93908088062489,99890800.0,142.42628479003906,145.37941541507433,,1.01,1.3,0.29100000000000004
2021-07-12,AAPL,143.6791229248047,145.48879113283562,143.18196332990917,145.37941541507433,76299700.0,144.28567504882812,143.21179801476362,,1.01,1.3,0.29100000000000004
2021-07-13,AAPL,144.81265258789062,146.62232087582004,142.81407639013014,143.21179801476362,100827100.0,143.6791229248047,147.25868082633394,,1.01,1.3,0.29100000000000004
2021-07-14,AAPL,148.30270385742188,148.7203312763855,146.8410534073703,147.25868082633394,127050800.0,144.81265258789062,148.3922127381447,,1.01,1.3,0.29100000000000004
2021-07-15,AAPL,147.6365203857422,149.1478899184393,146.25441721271565,148.3922127381447,106820300.0,148.30270385742188,147.61664352978394,,1.01,1.3,0.29100000000000004
2021-07-16,AAPL,145.5583953857422,148.909246425846,145.051298026769,147.61664352978394,93251400.0,147.6365203857422,142.93338028084528,,1.01,1.3,0.29100000000000004
2021-07-19,AAPL,141.64076232910156,143.25156969695112,140.86519459247663,142.93338028084528,121434600.0,145.5583953857422,142.6450419677469,,1.01,1.3,0.29100000000000004
2021-07-20,AAPL,145.3197479248047,146.2643633214297,142.1478823577789,142.6450419677469,96350000.0,141.64076232910156,144.7032714775944,,1.01,1.3,0.29100000000000004
2021-07-21,AAPL,144.57400512695312,145.29986906443906,143.80839026943428,144.7032714775944,74993500.0,145.3197479248047,145.11094931749352,,1.01,1.3,0.29100000000000004
2021-07-22,AAPL,145.966064453125,147.35810529154494,144.98168296388766,145.11094931749352,77338200.0,144.57400512695312,146.71179232364676,,1.01,1.3,0.29100000000000004
2021-07-23,AAPL,147.71604919433594,147.875143898239,146.08536640959477,146.71179232364676,71447400.0,145.966064453125,147.42771990544412,,1.01,1.3,0.29100000000000004
2021-07-26,AAPL,148.1436309814453,148.9788555127441,146.86095064856494,147.42771990544412,72434100.0,147.71604919433594,148.27289004496342,,1.01,1.3,0.29100000000000004
2021-07-27,AAPL,145.93624877929688,148.36239031329947,144.7231780122956,148.27289004496342,104818600.0,148.1436309814453,143.98735489283516,2021-07-27,1.01,1.3,0.29100000000000004
2021-07-28,AAPL,144.15638732910156,146.13508791617232,141.73024615519546,143.98735489283516,118931200.0,145.93624877929688,143.86805235030556,,1.24,1.24,0.0032
2021-07-29,AAPL,144.81265258789062,145.71748673185533,143.75867662771523,143.86805235030556,56699500.0,144.15638732910156,143.55981438488166,,1.24,1.24,0.0032
2021-07-30,AAPL,145.03140258789062,145.4987338368373,143.29134394627016,143.55981438488166,70440600.0,144.81265258789062,145.52856865995957,,1.24,1.24,0.0032
2021-08-02,AAPL,144.69334411621094,146.1152133867277,144.42487366568176,145.52856865995957,62880000.0,145.03140258789062,144.98169028120324,,1.24,1.24,0.0032
2021-08-03,AAPL,146.52288818359375,147.19901800434894,144.35526428624453,144.98169028120324,64786600.0,144.69334411621094,146.4334085770347,,1.24,1.24,0.0032
2021-08-04,AAPL,146.11521911621094,146.95044369271048,145.4490270012333,146.4334085770347,56368300.0,146.52288818359375,146.14503150091434,,1.24,1.24,0.0032
2021-08-05,AAPL,146.22457885742188,147.00014661823695,145.3396353779223,146.14503150091434,46397700.0,146.11521911621094,145.7366534314902,,1.24,1.24,0.0032
2021-08-06,AAPL,145.52752685546875,146.49346280240505,145.0196697349016,145.7366534314902,54126800.0,146.22457885742188,145.58726175748328,,1.24,1.24,0.0032
2021-08-09,AAPL,145.47772216796875,146.08516621985143,144.91011898218497,145.58726175748328,48908700.0,145.52752685546875,145.82626775677227,,1.24,1.24,0.0032
2021-08-10,AAPL,144.9897918701172,147.09094940113536,144.69104614064352,145.82626775677227,69023100.0,145.47772216796875,145.43790914626004,,1.24,1.24,0.0032
2021-08-11,AAPL,145.2487030029297,146.10509936048206,144.92008420580427,145.43790914626004,48493500.0,144.9897918701172,145.5773251167992,,1.24,1.24,0.0032
2021-08-12,AAPL,148.26600646972656,148.42533956193384,145.2287858769508,145.5773251167992,72282600.0,145.2487030029297,148.34566814130866,,1.24,1.24,0.0032
2021-08-13,AAPL,148.47512817382812,148.81369958751333,147.6486048793569,148.34566814130866,59375000.0,148.26600646972656,147.91745956156976,,1.24,1.24,0.0032
2021-08-16,AAPL,150.4866485595703,150.5563624818619,145.8561428692958,147.91745956156976,103296000.0,148.47512817382812,149.60038780965544,,1.24,1.24,0.0032
2021-08-17,AAPL,149.56056213378906,151.04430787854275,148.4651661119628,149.60038780965544,92229700.0,150.4866485595703,149.1721980975016,,1.24,1.24,0.0032
2021-08-18,AAPL,145.74661254882812,150.08834059624263,145.5374859634837,149.1721980975016,86326000.0,149.56056213378906,144.4221753846693,,1.24,1.24,0.0032
2021-08-19,AAPL,146.08517456054688,147.37972927558403,143.89439784001277,144.4221753846693,86960300.0,145.74661254882812,146.82206727201685,,1.24,1.24,0.0032
2021-08-20,AAPL,147.5689239501953,147.877622279335,146.1648297484587,146.82206727201685,60549600.0,146.08517456054688,147.68843877010224,,1.24,1.24,0.0032
2021-08-23,AAPL,149.08258056640625,149.56056465907378,147.27020078966314,147.68843877010224,60131800.0,147.5689239501953,148.8236494769273,,1.24,1.24,0.0032
2021-08-24,AAPL,148.99293518066406,150.22774378978048,148.52490374304634,148.8236494769273,48606400.0,149.08258056640625,149.1821401903692,,1.24,1.24,0.0032
2021-08-25,AAPL,147.73822021484375,149.69001249257767,147.18056961973093,149.1821401903692,58991300.0,148.99293518066406,147.72826413309033,,1.24,1.24,0.0032
2021-08-26,AAPL,146.92164611816406,148.49502608598115,146.89177306518593,147.72826413309033,48597200.0,147.73822021484375,146.86190225199374,,1.24,1.24,0.0032
2021-08-27,AAPL,147.9772186279297,148.1265838950984,146.21463250114402,146.86190225199374,55802400.0,146.92164611816406,148.37552835751168,,1.24,1.24,0.0032
2021-08-30,AAPL,152.47825622558594,152.84671585668178,147.98716348839628,148.37552835751168,90956700.0,147.9772186279297,152.0202030893729,,1.24,1.24,0.0032
2021-08-31,AAPL,151.1936798095703,152.15961573928905,150.65593444929428,152.0202030893729,86453100.0,152.47825622558594,152.18948525267132,,1.24,1.24,0.0032
2021-09-01,AAPL,151.87081909179688,154.33046843975555,151.7015333918969,152.18948525267132,80313700.0,151.1936798095703,153.22512166991103,,1.24,1.24,0.0032
2021-09-02,AAPL,153.00604248046875,154.07156537410532,151.76128126538248,153.22512166991103,71115500.0,151.87081909179688,153.11557498337945,,1.24,1.24,0.0032
2021-09-03,AAPL,153.6533203125,153.9819390814429,152.44838482637596,153.11557498337945,57808700.0,153.00604248046875,154.32053238387152,,1.24,1.24,0.0032
2021-09-07,AAPL,156.0333251953125,156.6009284623888,153.74296130142372,154.32053238387152,82278300.0,153.6533203125,156.3220728944572,,1.24,1.24,0.0032
2021-09-08,AAPL,154.4599151611328,156.38181899576466,153.33464627038384,156.3220728944572,74420200.0,156.0333251953125,154.83833271593784,,1.24,1.24,0.0032
2021-09-09,AAPL,153.42428588867188,155.4557293771114,153.30477848711325,154.83833271593784,57305700.0,154.4599151611328,154.35038397410275,,1.24,1.24,0.0032
2021-09-10,AAPL,148.3456573486328,154.8283680054033,148.07678468328444,154.35038397410275,140893200.0,153.42428588867188,149.99870853258963,,1.24,1.24,0.0032
2021-09-13,AAPL,148.92323303222656,150.78539092539395,148.12658282512365,149.99870853258963,102404300.0,148.3456573486328,149.71988677566992,,1.24,1.24,0.0032
2021-09-14,AAPL,147.4992218017578,150.43687045951359,146.29430144060336,149.71988677566992,109296300.0,148.92323303222656,147.9373641207164,,1.24,1.24,0.0032
2021-09-15,AAPL,148.4053955078125,148.8136807935495,145.7565402520852,147.9373641207164,83281300.0,147.4992218017578,147.8178731023936,,1.24,1.24,0.0032
2021-09-16,AAPL,148.16639709472656,148.3456505950776,146.60298504889977,147.8178731023936,68034100.0,148.4053955078125,148.19628774685222,,1.24,1.24,0.0032
2021-09-17,AAPL,145.44784545898438,148.19628774685222,145.14909975010684,148.19628774685222,129868800.0,148.16639709472656,143.19732338898675,,1.24,1.24,0.0032
2021-09-20,AAPL,142.34092712402344,144.23295796309128,140.6779280782487,143.19732338898675,123478900.0,145.44784545898438,143.32677716359717,,1.24,1.24,0.0032
2021-09-21,AAPL,142.82887268066406,143.9939825421858,142.18160293078662,143.32677716359717,75834000.0,142.34092712402344,143.84459739001508,,1.24,1.24,0.0032
2021-09-22,AAPL,145.23873901367188,145.81629482358343,143.09774068996845,143.84459739001508,76404300.0,142.82887268066406,146.03537661442238,,1.24,1.24,0.0032
2021-09-23,AAPL,146.21463012695312,146.46358236475123,145.02961504386005,146.03537661442238,64838200.0,145.23873901367188,145.0495312235539,,1.24,1.24,0.0032
2021-09-24,AAPL,146.3042449951172,146.85194294117832,144.9499442534198,145.0495312235539,53477900.0,146.21463012695312,144.8603444297137,,1.24,1.24,0.0032
2021-09-27,AAPL,144.76075744628906,145.34829633674988,143.21726556708953,144.8603444297137,74150700.0,146.3042449951172,142.6496422824249,,1.24,1.24,0.0032
2021-09-28,AAPL,141.3152618408203,144.14335581417805,141.09618264057602,142.6496422824249,108972300.0,144.76075744628906,141.87290769276834,,1.24,1.24,0.0032
2021-09-29,AAPL,142.2313995361328,143.84460523385326,141.4347493070074,141.87290769276834,74602000.0,141.3152618408203,143.05791815311414,,1.24,1.24,0.0032
2021-09-30,AAPL,140.90696716308594,143.77490181645686,140.68788797735127,143.05791815311414,89056700.0,142.2313995361328,141.30528257686294,,1.24,1.24,0.0032
2021-10-01,AAPL,142.05213928222656,142.32101195071226,138.5269823186392,141.30528257686294,94639600.0,140.90696716308594,141.16586878861867,,1.24,1.24,0.0032
2021-10-04,AAPL,138.55685424804688,141.61399496407492,137.6905053391965,141.16586878861867,98322000.0,142.05213928222656,138.90540992320882,,1.24,1.24,0.0032
2021-10-05,AAPL,140.51861572265625,141.64388481206058,138.77594988429604,138.90540992320882,80861100.0,138.55685424804688,138.8854811775734,,1.24,1.24,0.0032
2021-10-06,AAPL,141.40487670898438,141.5542419796849,137.7900852096385,138.8854811775734,83221100.0,140.51861572265625,142.46042132849414,,1.24,1.24,0.0032
2021-10-07,AAPL,142.689453125,143.61556331973466,142.12184994325273,142.46042132849414,61732700.0,141.40487670898438,143.42635535061507,,1.24,1.24,0.0032
2021-10-08,AAPL,142.30108642578125,143.57572060840803,141.96251504489183,143.42635535061507,58773200.0,142.689453125,141.6737566196088,,1.24,1.24,0.0032
2021-10-11,AAPL,142.21148681640625,144.2031048998399,141.2156777746894,141.6737566196088,64452200.0,142.30108642578125,142.62970846484495,,1.24,1.24,0.0032
2021-10-12,AAPL,140.9169158935547,142.6496288979544,140.44888448193245,142.62970846484495,73035900.0,142.21148681640625,140.64806152580516,,1.24,1.24,0.0032
2021-10-13,AAPL,140.31944274902344,140.80737940967978,138.61660275930697,140.64806152580516,78762700.0,140.9169158935547,141.5144073093062,,1.24,1.24,0.0032
2021-10-14,AAPL,143.15748596191406,143.27699336571638,140.91691587480966,141.5144073093062,69907100.0,140.31944274902344,143.1674786141214,,1.24,1.24,0.0032
2021-10-15,AAPL,144.2329864501953,144.29273256504268,142.90855852332808,143.1674786141214,67940300.0,143.15748596191406,142.84879241735956,,1.24,1.24,0.0032
2021-10-18,AAPL,145.93580627441406,146.22458418737673,142.5600145043969,142.84879241735956,85589200.0,144.2329864501953,146.3938699618835,,1.24,1.24,0.0032
2021-10-19,AAPL,148.13653564453125,148.54482096551288,145.9358063486973,146.3938699618835,76378900.0,145.93580627441406,148.07679458415308,,1.24,1.24,0.0032
2021-10-20,AAPL,148.6344451904297,149.1223970683414,147.4992235434125,148.07679458415308,58418800.0,148.13653564453125,148.18634065109086,,1.24,1.24,0.0032
2021-10-21,AAPL,148.85353088378906,149.0128639767785,147.25027772332797,148.18634065109086,61421000.0,148.6344451904297,149.06265779599994,,1.24,1.24,0.0032
2021-10-22,AAPL,148.0668487548828,149.5505945014497,148.01705526385894,149.06265779599994,58883400.0,148.85353088378906,148.05688500317993,,1.24,1.24,0.0032
2021-10-25,AAPL,148.01705932617188,148.74399569158285,147.00132982180057,148.05688500317993,50720600.0,148.0668487548828,148.70415122768293,,1.24,1.24,0.0032
2021-10-26,AAPL,148.69419860839844,150.2078172609261,148.38548507251588,148.70415122768293,60893400.0,148.01705932617188,148.73403816829827,,1.24,1.24,0.0032
2021-10-27,AAPL,148.22618103027344,149.1024826491296,147.86768916965593,148.73403816829827,56094900.0,148.69419860839844,149.19209801055433,,1.24,1.24,0.0032
2021-10-28,AAPL,151.93057250976562,152.52804873814523,149.09251104173867,149.19209801055433,100077900.0,148.22618103027344,146.6029913229415,2021-10-28,1.24,1.24,0.0032
2021-10-29,AAPL,149.17218017578125,149.3115928176483,145.7963885239366,146.6029913229415,124953200.0,151.93057250976562,148.36558167122607,,1.89,2.1,0.11170000000000001
2021-11-01,AAPL,148.33570861816406,149.07259752014554,147.18056658363673,148.36558167122607,74588300.0,149.17218017578125,148.03696506273465,,1.89,2.1,0.11170000000000001
2021-11-02,AAPL,149.39126586914062,150.93477281093877,148.02699724834198,148.03696506273465,69122000.0,148.33570861816406,149.7597066216933,,1.89,2.1,0.11170000000000001
2021-11-03,AAPL,150.8551025390625,151.33308657807873,149.19210342439376,149.7597066216933,54511500.0,149.39126586914062,150.94472825329828,,1.89,2.1,0.11170000000000001
2021-11-04,AAPL,150.32733154296875,151.79115677635664,150.00866537322491,150.94472825329828,60394600.0,150.8551025390625,151.47417535921056,,1.89,2.1,0.11170000000000001
2021-11-05,AAPL,150.8658447265625,151.78332424814366,149.64918346126638,151.47417535921056,65463900.0,150.32733154296875,150.99549817620317,,1.89,2.1,0.11170000000000001
2021-11-08,AAPL,150.0281524658203,151.15506380651738,149.74892022127847,150.99549817620317,55020900.0,150.8658447265625,149.7887946315869,,1.89,2.1,0.11170000000000001
2021-11-09,AAPL,150.39712524414062,151.01542300158323,149.64917851806712,149.7887946315869,56787900.0,150.0281524658203,149.60930219037823,,1.89,2.1,0.11170000000000001
2021-11-10,AAPL,147.51504516601562,149.71900165769276,147.4452447142787,149.60930219037823,65187100.0,150.39712524414062,148.5522069743492,,1.89,2.1,0.11170000000000001
2021-11-11,AAPL,147.46517944335938,149.02090628115982,147.27569716134238,148.5522069743492,41000000.0,147.51504516601562,148.02363426740973,,1.89,2.1,0.11170000000000001
2021-11-12,AAPL,149.57937622070312,149.9882421943041,147.07623813616473,148.02363426740973,63804000.0,147.46517944335938,149.95832237970083,,1.89,2.1,0.11170000000000001
2021-11-15,AAPL,149.58934020996094,151.46419814337045,149.0208934129961,149.95832237970083,59222800.0,149.57937622070312,149.52951327230264,,1.89,2.1,0.11170000000000001
2021-11-16,AAPL,150.58660888671875,151.0752728969932,148.9311497991917,149.52951327230264,59256200.0,149.58934020996094,150.58660513180027,,1.89,2.1,0.11170000000000001
2021-11-17,AAPL,153.06979370117188,154.57565427436452,150.5766379870692,150.58660513180027,88807000.0,150.58660888671875,153.28919043288565,,1.89,2.1,0.11170000000000001
2021-11-18,AAPL,157.4377899169922,158.23560277751776,152.63099368167596,153.28919043288565,137827700.0,153.06979370117188,157.21840368223994,,1.89,2.1,0.11170000000000001
2021-11-19,AAPL,160.1104736328125,160.57918815554297,156.10147471761377,157.21840368223994,117305600.0,157.4377899169922,161.23735940151988,,1.89,2.1,0.11170000000000001
2021-11-22,AAPL,160.5791778564453,165.24635805959272,160.5592283499234,161.23735940151988,117467900.0,160.1104736328125,160.67889454657876,,1.89,2.1,0.11170000000000001
2021-11-23,AAPL,160.96810913085938,161.3570408134663,158.62453667347464,160.67889454657876,96041900.0,160.5791778564453,160.30992890727325,,1.89,2.1,0.11170000000000001
2021-11-24,AAPL,161.49667358398438,161.69612301822625,159.2029670476621,160.30992890727325,69463600.0,160.96810913085938,159.13316061408227,,1.89,2.1,0.11170000000000001
2021-11-26,AAPL,156.38070678710938,160.01074113517558,155.93194177267299,159.13316061408227,76959800.0,161.49667358398438,158.93368676514152,,1.89,2.1,0.11170000000000001
2021-11-29,AAPL,159.8013153076172,160.74871144255928,158.3552728091627,158.93368676514152,88748200.0,156.38070678710938,159.55201238362775,,1.89,2.1,0.11170000000000001
2021-11-30,AAPL,164.84747314453125,165.06687208374524,159.48219671341596,159.55201238362775,174048100.0,159.8013153076172,167.02149643466473,,1.89,2.1,0.11170000000000001
2021-12-01,AAPL,164.3189239501953,169.83378360485293,164.07957550474865,167.02149643466473,152052500.0,164.84747314453125,158.3054300132269,,1.89,2.1,0.11170000000000001
2021-12-02,AAPL,163.31167602539062,163.7504738916077,157.36800097485695,158.3054300132269,136739200.0,164.3189239501953,163.57096660538318,,1.89,2.1,0.11170000000000001
2021-12-03,AAPL,161.3969268798828,164.50839560152457,159.28273567463802,163.57096660538318,118023100.0,163.31167602539062,163.84022217803206,,1.89,2.1,0.11170000000000001
2021-12-06,AAPL,164.86741638183594,167.42040552247533,163.8302550328164,163.84022217803206,107497000.0,161.3969268798828,168.61710783318074,,1.89,2.1,0.11170000000000001
2021-12-07,AAPL,170.7113494873047,171.11026352881504,167.87912826914766,168.61710783318074,120405400.0,164.86741638183594,171.65877188208393,,1.89,2.1,0.11170000000000001
2021-12-08,AAPL,174.60069274902344,175.47828847985883,170.2326788194764,171.65877188208393,116998900.0,170.7113494873047,174.43115544154736,,1.89,2.1,0.11170000000000001
2021-12-09,AAPL,174.0821075439453,176.2661144519336,173.4438602700277,174.43115544154736,108923700.0,174.60069274902344,174.730342366744,,1.89,2.1,0.11170000000000001
2021-12-10,AAPL,178.95872497558594,179.1382401107435,174.2117616859747,174.730342366744,115402700.0,174.0821075439453,180.6241413968189,,1.89,2.1,0.11170000000000001
2021-12-13,AAPL,175.25888061523438,181.63138605028956,175.04944883849828,180.6241413968189,153237000.0,178.95872497558594,174.7702322499182,,1.89,2.1,0.11170000000000001
2021-12-14,AAPL,173.85275268554688,177.25342105644518,171.73856130751807,174.7702322499182,139380400.0,175.25888061523438,174.6306113695734,,1.89,2.1,0.11170000000000001
2021-12-15,AAPL,178.80914306640625,179.00859249374818,171.83827373573845,174.6306113695734,131063300.0,173.85275268554688,178.78919230698062,,1.89,2.1,0.11170000000000001
2021-12-16,AAPL,171.7884063720703,180.64410088060592,170.2825457066119,178.78919230698062,150185800.0,178.80914306640625,169.4647841303681,,1.89,2.1,0.11170000000000001
2021-12-17,AAPL,170.67147827148438,172.9951013771265,169.2254509048359,169.4647841303681,195432700.0,171.7884063720703,167.81930149687847,,1.89,2.1,0.11170000000000001
2021-12-20,AAPL,169.2852783203125,170.1130078695111,167.00155430974027,167.81930149687847,107499100.0,170.67147827148438,171.09031025886273,,1.89,2.1,0.11170000000000001
2021-12-21,AAPL,172.5164031982422,172.72581975054052,168.65698791872921,171.09031025886273,91185900.0,169.2852783203125,172.56626111189993,,1.89,2.1,0.11170000000000001
2021-12-22,AAPL,175.15914916992188,175.3785480925398,171.6786982765874,172.56626111189993,92135300.0,172.5164031982422,175.36859354343775,,1.89,2.1,0.11170000000000001
2021-12-23,AAPL,175.7974090576172,176.36585591168702,174.79017954381126,175.36859354343775,68356600.0,175.15914916992188,176.6051835212935,,1.89,2.1,0.11170000000000001
2021-12-27,AAPL,179.83631896972656,179.92606892792912,176.58524923081447,176.6051835212935,74919600.0,175.7974090576172,179.66677709595126,,1.89,2.1,0.11170000000000001
2021-12-28,AAPL,178.7991485595703,180.8335721445172,178.04123470034364,179.66677709595126,79144300.0,179.83631896972656,178.8390498572855,,1.89,2.1,0.11170000000000001
2021-12-29,AAPL,178.888916015625,180.13549388903743,177.65230528707443,178.8390498572855,62348900.0,178.7991485595703,178.97867035551792,,1.89,2.1,0.11170000000000001
2021-12-30,AAPL,177.71214294433594,180.07566499780395,177.60244348010733,178.97867035551792,59773000.0,178.888916015625,177.60244301390927,,1.89,2.1,0.11170000000000001
2021-12-31,AAPL,177.08387756347656,178.7393214506508,176.77471346181446,177.60244301390927,64062300.0,177.71214294433594,177.3431544331352,,1.89,2.1,0.11170000000000001
2022-01-03,AAPL,181.51170349121094,182.37933202900862,177.22348782806583,177.3431544331352,104487900.0,177.08387756347656,182.130024880791,,1.89,2.1,0.11170000000000001
2022-01-04,AAPL,179.20803833007812,182.43917376952862,178.62962435046575,182.130024880791,99310400.0,181.51170349121094,179.11827886472275,,1.89,2.1,0.11170000000000001
2022-01-05,AAPL,174.4411163330078,179.67674330725325,174.16188411174258,179.11827886472275,94537600.0,179.20803833007812,172.22720964956721,,1.89,2.1,0.11170000000000001
2022-01-06,AAPL,171.5291290283203,174.82009791935997,171.17011396353388,172.22720964956721,96904000.0,174.4411163330078,172.41668427246222,,1.89,2.1,0.11170000000000001
2022-01-07,AAPL,171.6986541748047,173.66326218964326,170.5617757230162,172.41668427246222,86709100.0,171.5291290283203,168.61711105873005,,1.89,2.1,0.11170000000000001
2022-01-10,AAPL,171.71859741210938,172.0277462895595,167.70959871607542,168.61711105873005,106765600.0,171.6986541748047,171.84825416187937,,1.89,2.1,0.11170000000000001
2022-01-11,AAPL,174.60069274902344,174.70040985306292,170.3523606481458,171.84825416187937,76138300.0,171.71859741210938,175.63783485180943,,1.89,2.1,0.11170000000000001
2022-01-12,AAPL,175.04945373535156,176.69493047582267,174.34140600999118,175.63783485180943,74805200.0,174.60069274902344,175.29876540744326,,1.89,2.1,0.11170000000000001
2022-01-13,AAPL,171.71859741210938,176.1364620851175,171.31968336296805,175.29876540744326,84505800.0,175.04945373535156,170.87093179884167,,1.89,2.1,0.11170000000000001
2022-01-14,AAPL,172.59620666503906,173.30425443025072,170.62161620491887,170.87093179884167,80440800.0,171.71859741210938,171.04045407920967,,1.89,2.1,0.11170000000000001
2022-01-18,AAPL,169.33514404296875,172.06763304576808,168.94621234900018,171.04045407920967,90956700.0,172.59620666503906,169.53460095507188,,1.89,2.1,0.11170000000000001
2022-01-19,AAPL,165.77491760253906,170.6116461283578,165.48571821404389,169.53460095507188,94815000.0,169.33514404296875,166.5228551961468,,1.89,2.1,0.11170000000000001
2022-01-20,AAPL,164.0596160888672,169.2154603724926,163.73051770263388,166.5228551961468,91420500.0,165.77491760253906,163.96986960215108,,1.89,2.1,0.11170000000000001
2022-01-21,AAPL,161.9653778076172,165.87464429442363,161.8556783432189,163.96986960215108,122848900.0,164.0596160888672,159.58191027447558,,1.89,2.1,0.11170000000000001
2022-01-24,AAPL,161.17752075195312,161.85566699806722,154.2764677747522,159.58191027447558,162294600.0,161.9653778076172,158.54476215981475,,1.89,2.1,0.11170000000000001
2022-01-25,AAPL,159.3425750732422,162.31441257831833,156.59013649978397,158.54476215981475,115798400.0,161.17752075195312,163.05238989382582,,1.89,2.1,0.11170000000000001
2022-01-26,AAPL,159.25282287597656,163.93995275306878,157.38794720045848,163.05238989382582,108275300.0,159.3425750732422,162.00527190517667,,1.89,2.1,0.11170000000000001
2022-01-27,AAPL,158.78411865234375,163.39146601596985,157.8466895727971,162.00527190517667,121954600.0,159.25282287597656,165.25634617626156,2022-01-27,1.89,2.1,0.11170000000000001
2022-01-28,AAPL,169.8636932373047,169.88364274452135,162.35430916536393,165.25634617626156,179935700.0,158.78411865234375,169.6941664484704,,1.43,1.52,0.0644
2022-01-31,AAPL,174.301513671875,174.52091260794342,169.04593678571706,169.6941664484704,115541600.0,169.8636932373047,173.53360979135977,,1.43,1.52,0.0644
2022-02-01,AAPL,174.13197326660156,174.36133933807096,171.83826690086178,173.53360979135977,86213900.0,174.301513671875,174.2715997257861,,1.43,1.52,0.0644
2022-02-02,AAPL,175.35861206054688,175.39851107700605,172.85548898181023,174.2715997257861,84914300.0,174.13197326660156,174.0023273105274,,1.43,1.52,0.0644
2022-02-03,AAPL,172.42665100097656,175.75751875256654,171.6487875998967,174.0023273105274,89418100.0,175.35861206054688,171.42811990228844,,1.43,1.52,0.0644
2022-02-04,AAPL,172.1370849609375,173.84458291343418,170.4295870084408,171.42811990228844,82465400.0,172.42665100097656,172.60639375393458,,1.43,1.52,0.0644
2022-02-07,AAPL,171.4081573486328,173.69479093329355,170.69919230183783,172.60639375393458,77251200.0,172.1370849609375,171.47804362910605,,1.43,1.52,0.0644
2022-02-08,AAPL,174.57350158691406,175.09274293984492,171.17848072409203,171.47804362910605,74829200.0,171.4081573486328,175.7917192637518,,1.43,1.52,0.0644
2022-02-09,AAPL,176.02137756347656,176.39082985908638,174.64339729232225,175.7917192637518,71285000.0,174.57350158691406,173.88451813584092,,1.43,1.52,0.0644
2022-02-10,AAPL,171.8674774169922,175.22254856155914,171.29832158842967,173.88451813584092,90865900.0,176.02137756347656,172.07718234814985,,1.43,1.52,0.0644
2022-02-11,AAPL,168.39259338378906,172.82608204866534,167.79346752881528,172.07718234814985,98670700.0,171.8674774169922,167.1244383104818,,1.43,1.52,0.0644
2022-02-14,AAPL,168.63223266601562,169.3312026140766,166.31562913941107,167.1244383104818,86185500.0,168.39259338378906,170.7191770058385,,1.43,1.52,0.0644
2022-02-15,AAPL,172.5364990234375,172.69626794967138,170.00023207418957,170.7191770058385,62527400.0,168.63223266601562,171.59788973902332,,1.43,1.52,0.0644
2022-02-16,AAPL,172.29685974121094,173.08569405016482,169.80052742168138,171.59788973902332,61177400.0,172.5364990234375,170.77907220000338,,1.43,1.52,0.0644
2022-02-17,AAPL,168.63223266601562,171.65778598408127,168.22283054057914,170.77907220000338,69589300.0,172.29685974121094,169.5708572389531,,1.43,1.52,0.0644
2022-02-18,AAPL,167.05455017089844,170.2897868791379,165.9461780891936,169.5708572389531,82772700.0,168.63223266601562,164.73795385125604,,1.43,1.52,0.0644
2022-02-22,AAPL,164.0789337158203,166.44545181712832,161.91210391116275,164.73795385125604,91162800.0,167.05455017089844,165.2971357091798,,1.43,1.52,0.0644
2022-02-23,AAPL,159.83517456054688,165.9062414102878,159.51563670719025,165.2971357091798,90009200.0,164.0789337158203,152.3561532007264,,1.43,1.52,0.0644
2022-02-24,AAPL,162.50125122070312,162.6110904502337,151.77700228469277,152.3561532007264,141147500.0,159.83517456054688,163.59962631879927,,1.43,1.52,0.0644
2022-02-25,AAPL,164.608154296875,164.87774720907092,160.63398239342132,163.59962631879927,91974200.0,162.50125122070312,162.8207712582107,,1.43,1.52,0.0644
2022-02-28,AAPL,164.87774658203125,165.17730949751254,162.19169065934028,162.8207712582107,95056600.0,164.608154296875,164.45837068553627,,1.43,1.52,0.0644
2022-03-01,AAPL,162.9605712890625,166.35559239624502,161.732380050147,164.45837068553627,83474400.0,164.87774658203125,164.14882866873057,,1.43,1.52,0.0644
2022-03-02,AAPL,166.31564331054688,167.11447270628278,162.71093880368667,164.14882866873057,79724800.0,162.9605712890625,168.22283361300185,,1.43,1.52,0.0644
2022-03-03,AAPL,165.98611450195312,168.6621905130652,165.30711946469333,168.22283361300185,76678400.0,166.31564331054688,164.24867370056145,,1.43,1.52,0.0644
2022-03-04,AAPL,162.93060302734375,165.307116081926,161.86218080260102,164.24867370056145,83737200.0,165.98611450195312,163.12034071281934,,1.43,1.52,0.0644
2022-03-07,AAPL,159.06629943847656,164.77790904004823,158.80667112433022,163.12034071281934,96418800.0,162.93060302734375,158.5869951060543,,1.43,1.52,0.0644
2022-03-08,AAPL,157.20901489257812,162.64103605343257,155.57142162229718,158.5869951060543,131148300.0,159.06629943847656,161.2430928775621,,1.43,1.52,0.0644
2022-03-09,AAPL,162.7109375,163.17026935069896,159.1761376404251,161.2430928775621,91454900.0,157.20901489257812,159.9649730851131,,1.43,1.52,0.0644
2022-03-10,AAPL,158.28744506835938,160.15469678052287,155.75116288193925,159.9649730851131,105342000.0,162.7109375,158.69682583832514,,1.43,1.52,0.0644
2022-03-11,AAPL,154.50299072265625,159.0463184464654,154.27333242278277,158.69682583832514,96970100.0,158.28744506835938,151.227801451783,,1.43,1.52,0.0644
2022-03-14,AAPL,150.39901733398438,153.89388240989538,149.87979120720172,151.227801451783,108732100.0,154.50299072265625,150.678602162954,,1.43,1.52,0.0644
2022-03-15,AAPL,154.86245727539062,155.34176401739353,150.15937604705425,150.678602162954,92964300.0,150.39901733398438,156.81959855885023,,1.43,1.52,0.0644
2022-03-16,AAPL,159.35586547851562,159.7652676335634,154.2334019457687,156.81959855885023,102300200.0,154.86245727539062,158.37730794230106,,1.43,1.52,0.0644
2022-03-17,AAPL,160.3843536376953,160.7638010250806,157.39874994138478,158.37730794230106,75615400.0,159.35586547851562,160.2745151718137,,1.43,1.52,0.0644
2022-03-18,AAPL,163.7394256591797,164.23869212437475,159.5256154740211,160.2745151718137,123511700.0,160.3843536376953,163.2701080054799,,1.43,1.52,0.0644
2022-03-21,AAPL,165.1373748779297,166.10595300397827,162.77084155850238,163.2701080054799,95811400.0,163.7394256591797,165.26717005730427,,1.43,1.52,0.0644
2022-03-22,AAPL,168.57232666015625,169.17143724114388,164.66805947631664,165.26717005730427,81532000.0,165.1373748779297,167.74355230850082,,1.43,1.52,0.0644
2022-03-23,AAPL,169.96029663085938,172.3867243360229,167.404039532811,167.74355230850082,98062700.0,168.57232666015625,170.80902733395038,,1.43,1.52,0.0644
2022-03-24,AAPL,173.8146209716797,173.88451034843501,169.96028355105176,170.80902733395038,90131400.0,169.96029663085938,173.62490484726575,,1.43,1.52,0.0644
2022-03-25,AAPL,174.4636688232422,175.02284480722648,172.49655779903847,173.62490484726575,80546200.0,173.8146209716797,171.91740106847274,,1.43,1.52,0.0644
2022-03-28,AAPL,175.34237670898438,175.47217562032574,171.74765231025532,171.91740106847274,90371900.0,174.4636688232422,176.43077485430712,,1.43,1.52,0.0644
2022-03-29,AAPL,178.69744873046875,178.74736318473822,176.08128225600646,176.43077485430712,100589400.0,175.34237670898438,178.28805550671638,,1.43,1.52,0.0644
2022-03-30,AAPL,177.5092010498047,179.3464979616782,176.4407635143676,178.28805550671638,92633200.0,178.69744873046875,177.57909316731852,,1.43,1.52,0.0644
2022-03-31,AAPL,174.3538360595703,177.76881686243374,174.14413743959997,177.57909316731852,103049300.0,177.5092010498047,173.77467227223508,,1.43,1.52,0.0644
2022-04-01,AAPL,174.05426025390625,174.62343129713832,171.68774225318873,173.77467227223508,78751300.0,174.3538360595703,174.31389007408598,,1.43,1.52,0.0644
2022-04-04,AAPL,178.17820739746094,178.22813708813965,174.18407592560177,174.31389007408598,76468400.0,174.05426025390625,177.2395842594423,,1.43,1.52,0.0644
2022-04-05,AAPL,174.80316162109375,178.0384136019766,174.16410119434678,177.2395842594423,73401800.0,178.17820739746094,172.10713259917893,,1.43,1.52,0.0644
2022-04-06,AAPL,171.57791137695312,173.37527365828745,169.88040848096077,172.10713259917893,89058800.0,174.80316162109375,170.90889320531707,,1.43,1.52,0.0644
2022-04-07,AAPL,171.887451171875,173.10566251727278,169.60081755650538,170.90889320531707,77594700.0,171.57791137695312,171.52797710856515,,1.43,1.52,0.0644
2022-04-08,AAPL,169.8404541015625,171.52797710856515,168.95176044677683,171.52797710856515,76575500.0,171.887451171875,168.46248463285752,,1.43,1.52,0.0644
2022-04-11,AAPL,165.50682067871094,168.78200722345588,165.25718746501755,168.46248463285752,72246700.0,169.8404541015625,167.77350444084166,,1.43,1.52,0.0644
2022-04-12,AAPL,167.41403198242188,169.62078118950745,166.3955241441653,167.77350444084166,79265200.0,165.50682067871094,167.1444154615596,,1.43,1.52,0.0644
2022-04-13,AAPL,170.14999389648438,170.78905431985848,166.52532996165408,167.1444154615596,70618900.0,167.41403198242188,170.36968293352052,,1.43,1.52,0.0644
2022-04-14,AAPL,165.04750061035156,171.01873847716743,164.79786737888813,170.36968293352052,75329400.0,170.14999389648438,163.67951309246564,,1.43,1.52,0.0644
2022-04-18,AAPL,164.8278350830078,166.35558921932298,163.3300357151378,163.67951309246564,69023900.0,165.04750061035156,164.77790571227766,,1.43,1.52,0.0644
2022-04-19,AAPL,167.15440368652344,167.5738009183817,163.66953356843084,164.77790571227766,67723800.0,164.8278350830078,168.51240374936881,,1.43,1.52,0.0644
2022-04-20,AAPL,166.98464965820312,168.63223805601106,165.85631786184055,168.51240374936881,67929800.0,167.15440368652344,168.66219467473593,,1.43,1.52,0.0644
2022-04-21,AAPL,166.17584228515625,171.27834597969897,165.66659599464597,168.66219467473593,87227800.0,166.98464965820312,166.21578950991983,,1.43,1.52,0.0644
2022-04-22,AAPL,161.55262756347656,167.62370928767504,161.26305973298864,166.21578950991983,84882400.0,166.17584228515625,160.8836094037595,,1.43,1.52,0.0644
2022-04-25,AAPL,162.6410369873047,162.93060481246488,158.22752357786894,160.8836094037595,96046400.0,161.55262756347656,162.01196279794414,,1.43,1.52,0.0644
2022-04-26,AAPL,156.56996154785156,162.1018271020815,156.49007708759515,162.01196279794414,95623200.0,162.6410369873047,155.681266151167,,1.43,1.52,0.0644
2022-04-27,AAPL,156.34030151367188,159.5555633940203,155.15204493968957,155.681266151167,88063200.0,156.56996154785156,159.0163589297252,,1.43,1.52,0.0644
2022-04-28,AAPL,163.39991760253906,164.27863140037405,158.69682109909343,159.0163589297252,130216800.0,156.34030151367188,161.60255634326342,2022-04-28,1.43,1.52,0.0644
2022-04-29,AAPL,157.418701171875,165.95616027451882,157.01929411764706,161.60255634326342,131747600.0,163.39991760253906,156.48009015884776,,1.16,,
2022-05-02,AAPL,157.72825622558594,157.9978491257918,153.04513470535997,156.48009015884776,123055300.0,157.418701171875,157.9179669138001,,1.16,,
2022-05-03,AAPL,159.2460174560547,160.47422385339235,156.09066517415604,157.9179669138001,88966500.0,157.72825622558594,159.4357385229662,,1.16,,
2022-05-04,AAPL,165.77642822265625,166.2357448018237,159.02633639723712,159.4357385229662,108256500.0,159.2460174560547,163.609623375098,,1.16,,
2022-05-05,AAPL,156.54000854492188,163.8392816781729,154.7226713355035,163.609623375098,130525300.0,165.77642822265625,156.00999450683594,,1.16,,
2022-05-06,AAPL,157.27999877929688,159.44000244140625,154.17999267578125,156.00999450683594,116124600.0,156.54000854492188,154.92999267578125,,1.16,,
2022-05-09,AAPL,152.05999755859375,155.8300018310547,151.49000549316406,154.92999267578125,131577900.0,157.27999877929688,155.52000427246094,,1.16,,
2022-05-10,AAPL,154.50999450683594,156.74000549316406,152.92999267578125,155.52000427246094,115366700.0,152.05999755859375,153.5,,1.16,,
2022-05-11,AAPL,146.5,155.4499969482422,145.80999755859375,153.5,142689800.0,154.50999450683594,142.77000427246094,,1.16,,
2022-05-12,AAPL,142.55999755859375,146.1999969482422,138.8000030517578,142.77000427246094,182602000.0,146.5,144.58999633789062,,1.16,,
2022-05-13,AAPL,147.11000061035156,148.10000610351562,143.11000061035156,144.58999633789062,113990900.0,142.55999755859375,145.5500030517578,,1.16,,
2022-05-16,AAPL,145.5399932861328,147.52000427246094,144.17999267578125,145.5500030517578,86643800.0,147.11000061035156,148.86000061035156,,1.16,,
2022-05-17,AAPL,149.24000549316406,149.77000427246094,146.67999267578125,148.86000061035156,78336300.0,145.5399932861328,146.85000610351562,,1.16,,
2022-05-18,AAPL,140.82000732421875,147.36000061035156,139.89999389648438,146.85000610351562,109742900.0,149.24000549316406,139.8800048828125,,1.16,,
2022-05-19,AAPL,137.35000610351562,141.66000366210938,136.60000610351562,139.8800048828125,136095600.0,140.82000732421875,139.08999633789062,,1.16,,
2022-05-20,AAPL,137.58999633789062,140.6999969482422,132.61000061035156,139.08999633789062,137426100.0,137.35000610351562,137.7899932861328,,1.16,,
2022-05-23,AAPL,143.11000061035156,143.25999450683594,137.64999389648438,137.7899932861328,117726300.0,137.58999633789062,140.80999755859375,,1.16,,
2022-05-24,AAPL,140.36000061035156,141.97000122070312,137.3300018310547,140.80999755859375,104132700.0,143.11000061035156,138.42999267578125,,1.16,,
2022-05-25,AAPL,140.52000427246094,141.7899932861328,138.33999633789062,138.42999267578125,92482700.0,140.36000061035156,137.38999938964844,,1.16,,
2022-05-26,AAPL,143.77999877929688,144.33999633789062,137.13999938964844,137.38999938964844,90601500.0,140.52000427246094,145.38999938964844,,1.16,,
2022-05-27,AAPL,149.63999938964844,149.67999267578125,145.25999450683594,145.38999938964844,90978500.0,143.77999877929688,149.07000732421875,,1.16,,
2022-05-31,AAPL,148.83999633789062,150.66000366210938,146.83999633789062,149.07000732421875,103718400.0,149.63999938964844,149.89999389648438,,1.16,,
2022-06-01,AAPL,148.7100067138672,151.74000549316406,147.67999267578125,149.89999389648438,74286600.0,148.83999633789062,147.8300018310547,,1.16,,
2022-06-02,AAPL,151.2100067138672,151.27000427246094,146.86000061035156,147.8300018310547,72348100.0,148.7100067138672,146.89999389648438,,1.16,,
2022-06-03,AAPL,145.3800048828125,147.97000122070312,144.4600067138672,146.89999389648438,88471400.0,151.2100067138672,147.02999877929688,,1.16,,
2022-06-06,AAPL,146.13999938964844,148.57000732421875,144.89999389648438,147.02999877929688,71598400.0,145.3800048828125,144.35000610351562,,1.16,,
2022-06-07,AAPL,148.7100067138672,149.0,144.10000610351562,144.35000610351562,67808200.0,146.13999938964844,148.5800018310547,,1.16,,
2022-06-08,AAPL,147.9600067138672,149.8699951171875,147.4600067138672,148.5800018310547,53950200.0,148.7100067138672,147.0800018310547,,1.16,,
2022-06-09,AAPL,142.63999938964844,147.9499969482422,142.52999877929688,147.0800018310547,69473000.0,147.9600067138672,140.27999877929688,,1.16,,
2022-06-10,AAPL,137.1300048828125,140.75999450683594,137.05999755859375,140.27999877929688,91437900.0,142.63999938964844,132.8699951171875,,1.16,,
2022-06-13,AAPL,131.8800048828125,135.1999969482422,131.44000244140625,132.8699951171875,122207100.0,137.1300048828125,133.1300048828125,,1.16,,
2022-06-14,AAPL,132.75999450683594,133.88999938964844,131.47999572753906,133.1300048828125,84784300.0,131.8800048828125,134.2899932861328,,1.16,,
2022-06-15,AAPL,135.42999267578125,137.33999633789062,132.16000366210938,134.2899932861328,91533000.0,132.75999450683594,132.0800018310547,,1.16,,
2022-06-16,AAPL,130.05999755859375,132.38999938964844,129.0399932861328,132.0800018310547,108123900.0,135.42999267578125,130.07000732421875,,1.16,,
2022-06-17,AAPL,131.55999755859375,133.0800018310547,129.80999755859375,130.07000732421875,134118500.0,130.05999755859375,133.4199981689453,,1.16,,
2022-06-21,AAPL,135.8699951171875,137.05999755859375,133.32000732421875,133.4199981689453,81000500.0,131.55999755859375,134.7899932861328,,1.16,,
2022-06-22,AAPL,135.35000610351562,137.75999450683594,133.91000366210938,134.7899932861328,73409200.0,135.8699951171875,136.82000732421875,,1.16,,
2022-06-23,AAPL,138.27000427246094,138.58999633789062,135.6300048828125,136.82000732421875,72433800.0,135.35000610351562,139.89999389648438,,1.16,,
2022-06-24,AAPL,141.66000366210938,141.91000366210938,139.77000427246094,139.89999389648438,89047400.0,138.27000427246094,142.6999969482422,,1.16,,
2022-06-27,AAPL,141.66000366210938,143.49000549316406,140.97000122070312,142.6999969482422,70149200.0,141.66000366210938,142.1300048828125,,1.16,,
